"Co","UMean:0","UMean:1","UMean:2","k","kMean","nut","omega","pMean","wallShearStress:0","wallShearStress:1","wallShearStress:2","yPlus","p","U:0","U:1","U:2","arc_length","Points:0","Points:1","Points:2"
232.43,0,0,0,0.00022607,0.0002276,0,1746.7,0.0088429,-0.00023783,4.4629e-07,0.00029594,1.9102,0.0088226,0.054887,-0.0001009,-0.068616,0,-0.019702,0,0.019611
245.61,0,0,0,0.00024234,0.00024394,0,1161.1,0.0084222,-0.00023578,4.3392e-07,0.00027009,2.2738,0.0084055,0.061924,-0.00011559,-0.073973,0.00043844,-0.019428,0,0.019268
266.17,0,0,0,0.00025252,0.00025424,0,1345.9,0.0082242,-0.00024358,4.7593e-07,0.00029073,2.1484,0.0082098,0.060528,-0.00011762,-0.071595,0.00087638,-0.019149,0,0.018931
266.02,0,0,0,0.00025363,0.00025537,0,1359.7,0.0081535,-0.00024451,4.7851e-07,0.00029159,2.1423,0.0081398,0.060471,-0.00011763,-0.071491,0.00092841,-0.019115,0,0.018891
264.89,0,0,0,0.00026179,0.00026363,0,1461.8,0.0076332,-0.0002514,5.7623e-07,0.00029789,2.0967,0.0076236,0.060038,-0.00013634,-0.07071,0.0013137,-0.018865,0,0.018598
267.75,0,0,0,0.00026741,0.00026931,0,1524.1,0.0069055,-0.00026092,6.1645e-07,0.00030311,2.0744,0.0069024,0.061362,-0.00014261,-0.070382,0.0017504,-0.018577,0,0.018271
267.61,0,0,0,0.00027216,0.0002741,0,1563.6,0.0062758,-0.00026863,6.5818e-07,0.00030216,2.0661,0.0062786,0.062575,-0.00015046,-0.069409,0.0021864,-0.018281,0,0.01795
270.15,0,0,0,0.00027489,0.00027688,0,1586.9,0.0057705,-0.00027818,6.9528e-07,0.00030046,2.0609,0.0057782,0.064142,-0.00015773,-0.068525,0.0026219,-0.017981,0,0.017634
271.57,0,0,0,0.00027762,0.00027967,0,1601.9,0.0052131,-0.00028624,7.318e-07,0.00029813,2.0615,0.0052264,0.06569,-0.00016528,-0.06776,0.0030572,-0.017678,0,0.017322
274.95,0,0,0,0.00027996,0.00028207,0,1589.1,0.0046772,-0.00029324,7.665e-07,0.00029502,2.0789,0.0046958,0.067648,-0.00017389,-0.067177,0.0034923,-0.017366,0,0.017018
276.98,0,0,0,0.00028293,0.00028511,0,1566.5,0.0041544,-0.00029965,8.0352e-07,0.00028975,2.1055,0.0041785,0.069475,-0.00018359,-0.066642,0.0039279,-0.01705,0,0.016719
281.84,0,0,0,0.0002861,0.0002883,0,1526.7,0.0036441,-0.00030503,8.3184e-07,0.00028457,2.1459,0.0036736,0.071708,-0.00019274,-0.066327,0.004364,-0.016729,0,0.016423
283.51,0,0,0,0.00029083,0.00029309,0,1465.2,0.0031234,-0.0003087,8.57e-07,0.00027875,2.2101,0.0031586,0.074161,-0.00020268,-0.066169,0.0048005,-0.016402,0,0.016135
290.13,0,0,0,0.00029314,0.00029546,0,1350.8,0.0026518,-0.00030482,8.638e-07,0.00026078,2.3167,0.0026924,0.075839,-0.00021357,-0.065283,0.0052379,-0.016069,0,0.015851
289.41,0,0,0,0.0002937,0.00029603,0,1342.5,0.0026331,-0.00030468,8.0456e-07,0.00026086,2.3275,0.0026748,0.076139,-0.00019969,-0.065456,0.0052579,-0.016054,0,0.015838
272.54,0,0,0,0.00030409,0.00030652,0,1168.3,0.0023401,-0.00030079,8.247e-07,0.00026176,2.549,0.0023856,0.08218,-0.00022008,-0.068873,0.0056759,-0.015732,0,0.015572
258.7,0,0,0,0.00029896,0.00030158,0,1755.8,0.0011326,-0.00032062,9.1076e-07,0.00025426,2.1928,0.0011897,0.073583,-0.00020595,-0.059465,0.0061143,-0.015389,0,0.015298
279.09,0,0,0,0.00028596,0.00028862,0,2243.3,0.00041454,-0.00035675,1.0645e-06,0.00027873,1.7728,0.00047969,0.069923,-0.00020402,-0.053344,0.0065414,-0.01505,0,0.015039
279.57,0,0,0,0.00028553,0.00028817,0,2256.6,0.00040069,-0.00035768,1.0729e-06,0.00027935,1.7612,0.00046504,0.069812,-0.00020417,-0.053168,0.006553,-0.01504,0,0.015032
279.12,0,0,0,0.00028549,0.00028816,0,2227.5,0.00031119,-0.00035873,1.0776e-06,0.00027754,1.7734,0.00037752,0.070379,-0.00020717,-0.053301,0.0065985,-0.015004,0,0.015005
274.53,0,0,0,0.00028451,0.0002872,0,1975.5,-0.00041504,-0.00036733,1.1549e-06,0.00026142,1.8773,-0.00034039,0.075195,-0.00023486,-0.054368,0.006992,-0.014687,0,0.014771
281.96,0,0,0,0.00028804,0.00029072,0,1751.3,-0.00081102,-0.00036815,1.1638e-06,0.00025031,2.0121,-0.00073137,0.080218,-0.00025194,-0.055449,0.0074316,-0.01433,0,0.014515
290.2,0,0,0,0.00029576,0.00029854,0,1548.7,-0.0011447,-0.00036549,1.1695e-06,0.00024279,2.1684,-0.0010607,0.084727,-0.00026939,-0.056662,0.0078721,-0.013966,0,0.014266
303.14,0,0,0,0.00030137,0.00030431,0,1336.5,-0.0015252,-0.00035496,1.1454e-06,0.00022102,2.37,-0.0014361,0.088433,-0.00028518,-0.05684,0.0083142,-0.013597,0,0.014023
289.69,0,0,0,0.00032006,0.00032309,0,1076,-0.0017769,-0.00034697,1.1353e-06,0.00022441,2.7391,-0.0016839,0.098219,-0.00031755,-0.061964,0.0087583,-0.013222,0,0.013785
272.7,0,0,0,0.00032699,0.0003302,0,1465,-0.002987,-0.00036192,1.3109e-06,0.00021323,2.4772,-0.0028814,0.089894,-0.00032008,-0.054655,0.009205,-0.012842,0,0.013551
311.33,0,0,0,0.00032157,0.0003248,0,1712.4,-0.0036843,-0.00038273,1.3588e-06,0.00021975,2.1688,-0.0035699,0.085598,-0.00029816,-0.049163,0.0096545,-0.012454,0,0.013324
285.82,0,0,0,0.00033619,0.00033953,0,1262,-0.0043547,-0.00037667,1.2594e-06,0.00021216,2.5971,-0.0042312,0.098819,-0.00032554,-0.054628,0.010107,-0.012059,0,0.013103
261.67,0,0,0,0.00033731,0.00034083,0,1596.7,-0.0054545,-0.00038996,1.4097e-06,0.00019051,2.3931,-0.0053191,0.092034,-0.00032874,-0.047718,0.010562,-0.011658,0,0.012886
306.54,0,0,0,0.00032862,0.00033213,0,1811,-0.0059087,-0.00040923,1.5324e-06,0.00019512,2.1355,-0.0057674,0.088658,-0.00032926,-0.043196,0.011021,-0.011251,0,0.012675
284.8,0,0,0,0.00034436,0.00034798,0,1297.5,-0.0065268,-0.00040077,1.5282e-06,0.00019269,2.5963,-0.0063768,0.10347,-0.00039031,-0.049103,0.011483,-0.010837,0,0.012472
259.51,0,0,0,0.00034734,0.00035115,0,1582,-0.0076141,-0.00041036,1.7588e-06,0.00016787,2.4289,-0.0074518,0.096959,-0.00040933,-0.042827,0.011948,-0.010416,0,0.012275
312.64,0,0,0,0.00034038,0.00034418,0,1732.4,-0.0079878,-0.00042607,1.7664e-06,0.00016974,2.2338,-0.0078202,0.094655,-0.00038581,-0.039099,0.012417,-0.0099875,0,0.012083
289.05,0,0,0,0.00035539,0.00035918,0,1159.9,-0.0085744,-0.00040797,1.5477e-06,0.0001631,2.8148,-0.0083977,0.11132,-0.00042117,-0.045037,0.01289,-0.0095524,0,0.011897
242.06,0,0,0,0.0003752,0.00037927,0,1154.8,-0.0091379,-0.00041034,1.7291e-06,0.00015891,2.8914,-0.0089547,0.11246,-0.00046657,-0.043491,0.013368,-0.0091085,0,0.01172
252.84,0,0,0,0.00036816,0.00037237,0,1618.6,-0.0095976,-0.00042995,1.928e-06,0.00015449,2.4975,-0.0094093,0.10193,-0.0004476,-0.037685,0.013656,-0.0088388,0,0.011618
260.03,0,0,0,0.0003633,0.00036758,0,1931.4,-0.0098965,-0.0004431,2.2581e-06,0.00015147,2.2315,-0.0097071,0.094816,-0.00047746,-0.033763,0.013851,-0.0086569,-1.034e-25,0.011548
294.75,0,0,0,0.0003511,0.00035536,0,1995.9,-0.010787,-0.00045706,2.0911e-06,0.00014435,2.1322,-0.010582,0.095493,-0.00043092,-0.031934,0.014225,-0.0083051,0,0.011422
305.4,0,0,0,0.00034732,0.00035156,0,2015.7,-0.011057,-0.00046132,2.1e-06,0.00014215,2.1016,-0.010848,0.095696,-0.00042973,-0.031369,0.014339,-0.0081971,0,0.011384
282,0,0,0,0.0003653,0.00036953,0,1262.1,-0.011871,-0.00044517,1.9712e-06,0.00013575,2.7484,-0.01165,0.11699,-0.00051585,-0.036547,0.014833,-0.0077293,0,0.011226
231.08,0,0,0,0.00038915,0.00039371,0,1126.9,-0.012082,-0.00043352,2.1529e-06,0.00012324,2.9603,-0.011858,0.11932,-0.00058656,-0.034919,0.015332,-0.007253,0,0.011076
239.5,0,0,0,0.00039896,0.00040378,0,1279.8,-0.011758,-0.00044162,2.3613e-06,0.00013042,2.7887,-0.011539,0.11354,-0.00060191,-0.032316,0.015837,-0.0067681,0,0.010935
236.36,0,0,0,0.00037464,0.00037966,0,2162.7,-0.013114,-0.00048218,2.8279e-06,0.00011938,2.1187,-0.012877,0.096776,-0.0005591,-0.024603,0.016159,-0.0064575,0,0.010851
238.35,0,0,0,0.00036351,0.00036848,0,2389.2,-0.013509,-0.00048757,2.8496e-06,0.00010874,1.9905,-0.013269,0.092878,-0.00053836,-0.022653,0.016349,-0.0062746,0,0.010802
284.78,0,0,0,0.00034002,0.00034488,0,2364.4,-0.01479,-0.0005026,2.948e-06,9.7423e-05,1.9327,-0.014528,0.09689,-0.00056376,-0.020909,0.016867,-0.0057713,0,0.010677
265.15,0,0,0,0.00036195,0.00036684,0,1375.6,-0.015311,-0.00047571,2.8804e-06,9.2888e-05,2.633,-0.015036,0.12035,-0.00072414,-0.024197,0.017394,-0.0052575,0,0.01056
254.5,0,0,0,0.00036849,0.00037349,0,1320.8,-0.015293,-0.0004712,2.4979e-06,8.8936e-05,2.7054,-0.015015,0.12144,-0.00064066,-0.023705,0.017508,-0.0051464,0,0.010537
214.44,0,0,0,0.00039246,0.0003977,0,1116.4,-0.015169,-0.00045399,2.6408e-06,7.4136e-05,2.974,-0.014893,0.12539,-0.00072237,-0.021851,0.01793,-0.0047322,0,0.010452
221.15,0,0,0,0.00040826,0.00041406,0,1304.8,-0.014747,-0.00046068,3.0258e-06,7.6087e-05,2.7998,-0.014478,0.11722,-0.00076431,-0.018574,0.018475,-0.0041958,0,0.010355
212.19,0,0,0,0.00040663,0.00041339,0,1492.9,-0.015263,-0.00046485,3.3277e-06,7.2979e-05,2.6047,-0.014985,0.1102,-0.0007837,-0.01638,0.019027,-0.003651,0,0.010269
199.96,0,0,0,0.00039695,0.00040305,0,1683.7,-0.016037,-0.00046713,3.6083e-06,6.8411e-05,2.4175,-0.015743,0.10423,-0.00079828,-0.014,0.01958,-0.0031026,0,0.010194
187.97,0,0,0,0.00037108,0.00037795,0,1899.3,-0.016595,-0.00045856,3.8834e-06,6.1092e-05,2.1963,-0.016288,0.096361,-0.0008071,-0.01119,0.02013,-0.0025569,0,0.010131
177.62,0,0,0,0.00033025,0.00033849,0,2230.9,-0.017002,-0.00044855,4.1825e-06,5.1865e-05,1.9114,-0.016684,0.087406,-0.00080079,-0.0079819,0.020669,-0.00202,0,0.010082
177.49,0,0,0,0.00025273,0.00026016,0,3051.5,-0.01766,-0.00042255,4.5166e-06,1.5637e-06,1.4473,-0.017323,0.071166,-0.00074425,-0.0019964,0.021194,-0.0014964,0,0.010045
231.19,0,0,0,0.00022281,0.00023001,0,2730.2,-0.017742,-0.00041084,4.3338e-06,-5.5614e-06,1.488,-0.017392,0.075147,-0.00077148,-0.0007769,0.021704,-0.00098723,0,0.010021
222.65,0,0,0,0.00026063,0.00026778,0,1362.8,-0.01721,-0.00038254,3.7804e-06,1.7355e-05,2.273,-0.016854,0.09728,-0.00096077,-0.0024822,0.022201,-0.00049018,0,0.010007
174.63,0,0,0,0.00027334,0.0002813,0,997.82,-0.016544,-0.00034188,3.8014e-06,1.6267e-05,2.6505,-0.016207,0.099976,-0.0011113,-0.0012782,0.022609,-8.2209e-05,0,0.010001
164.82,0,0,0,0.00027567,0.00028364,0,924.27,-0.01639,-0.0003335,3.9423e-06,1.6068e-05,2.7253,-0.016063,0.10046,-0.0011822,-0.0010387,0.022691,-1.9871e-08,0,0.01
193.91,0,0,0,0.00025716,0.00026617,0,1362.4,-0.01615,-0.0003056,4.1454e-06,1.9517e-05,2.2636,-0.015832,0.078781,-0.0010615,-0.0007973,0.023181,0.00049014,0,0.010007
162.45,0,0,0,0.00018142,0.00018979,0,2725.2,-0.01659,-0.00028943,4.5768e-06,4.1006e-05,1.3517,-0.01625,0.051382,-0.00081135,-0.0026573,0.023678,0.0009872,0,0.010021
88.026,0,0,0,0.00010348,0.00011034,0,3033.4,-0.016532,-0.00024759,4.9117e-06,6.6226e-05,0.90406,-0.016184,0.039912,-0.00080977,-0.0048258,0.024188,0.0014964,0,0.010045
66.278,0,0,0,6.463e-05,7.0127e-05,0,2198.4,-0.016294,-0.00016903,4.9421e-06,4.8218e-05,0.83392,-0.015954,0.032585,-0.00094806,-0.0038186,0.024713,0.00202,0,0.010082
50.95,0,0,0,3.8913e-05,4.3145e-05,0,1858.7,-0.016036,-0.00011151,5.1923e-06,2.9452e-05,0.70081,-0.015708,0.02371,-0.0010795,-0.0016258,0.025252,0.0025569,0,0.010131
36.091,0,0,0,2.1574e-05,2.4588e-05,0,1638,-0.015871,-6.8449e-05,5.4495e-06,1.7883e-05,0.55392,-0.01555,0.015422,-0.0012059,-0.00021042,0.025802,0.0031026,0,0.010194
22.084,0,0,0,1.1e-05,1.2899e-05,0,1444.7,-0.015752,-3.3273e-05,5.8195e-06,1.4667e-05,0.41873,-0.015434,0.0078162,-0.0013721,-7.2116e-05,0.026355,0.003651,0,0.010269
15.524,0,0,0,6.6353e-06,7.4477e-06,0,1256,-0.015664,-4.9199e-06,6.6601e-06,1.6868e-05,0.35631,-0.015349,0.0011418,-0.0016885,-0.0004191,0.026907,0.0041958,2.068e-25,0.010355
21.745,0,0,0,1.1079e-05,1.1339e-05,0,1096.5,-0.015698,2.7664e-05,7.7593e-06,1.8434e-05,0.48496,-0.015373,-0.007863,-0.0021128,-0.0010407,0.027375,0.0046567,0,0.010438
22.751,0,0,0,1.1804e-05,1.1968e-05,0,1070.3,-0.015701,3.3036e-05,7.9287e-06,1.869e-05,0.50595,-0.015375,-0.0093468,-0.0021797,-0.0011429,0.027452,0.0047322,0,0.010452
37.604,0,0,0,1.9492e-05,2.0256e-05,0,1334,-0.01575,7.9906e-05,9.9215e-06,5.3214e-06,0.60405,-0.015394,-0.019392,-0.0024497,-0.0020162,0.027988,0.0052575,0,0.01056
54.47,0,0,0,2.2353e-05,2.4318e-05,0,2324.1,-0.015424,0.00012415,1.5102e-05,2.288e-05,0.49373,-0.015048,-0.023348,-0.0027842,-0.0047963,0.028515,0.0057712,0,0.010677
55.009,0,0,0,2.0935e-05,2.3158e-05,0,2335.2,-0.015142,0.00012418,1.6957e-05,2.8661e-05,0.47264,-0.014773,-0.023054,-0.0031761,-0.0051115,0.028787,0.0060349,0,0.010742
55.323,0,0,0,1.9568e-05,2.1967e-05,0,2345.2,-0.014863,0.00012399,1.8377e-05,3.3806e-05,0.45252,-0.014509,-0.022747,-0.0034817,-0.0053854,0.029033,0.0062745,0,0.010802
43.999,0,0,0,1.503e-05,1.7475e-05,0,1482.3,-0.014532,8.6594e-05,1.7378e-05,1.12e-05,0.49716,-0.014198,-0.019453,-0.0040709,-0.0030265,0.029545,0.0067681,2.068e-25,0.010935
39.373,0,0,0,1.3818e-05,1.627e-05,0,1168,-0.014424,7.1474e-05,1.6326e-05,8.0058e-06,0.53896,-0.014092,-0.018373,-0.0043162,-0.002789,0.029941,0.0071486,0,0.011045
38.054,0,0,0,1.3464e-05,1.5901e-05,0,1081.8,-0.014389,6.7267e-05,1.5968e-05,7.1166e-06,0.55006,-0.014059,-0.018064,-0.0043671,-0.002722,0.03005,0.007253,0,0.011076
42.124,0,0,0,1.1251e-05,1.3391e-05,0,1219.2,-0.014254,6.2874e-05,1.5954e-05,4.3488e-06,0.48421,-0.01394,-0.016302,-0.0041577,-0.0027156,0.030549,0.0077293,0,0.011226
41.355,0,0,0,7.3788e-06,8.9655e-06,0,1973.9,-0.014084,6.1405e-05,1.696e-05,6.8064e-06,0.30812,-0.0138,-0.012692,-0.0034889,-0.0027375,0.031043,0.008197,0,0.011384
35.83,0,0,0,6.388e-06,7.8074e-06,0,1926,-0.014017,5.5658e-05,1.6618e-05,8.7934e-06,0.29104,-0.013744,-0.011505,-0.0034713,-0.0027989,0.031314,0.0084522,0,0.011475
31.221,0,0,0,5.5327e-06,6.7772e-06,0,1887.6,-0.013948,5.0783e-05,1.6056e-05,1.0343e-05,0.27584,-0.013687,-0.010501,-0.0033959,-0.0028405,0.031531,0.0086568,0,0.011548
27.932,0,0,0,6.2574e-06,7.6274e-06,0,1110.2,-0.0139,3.9388e-05,1.4165e-05,9.3031e-06,0.37452,-0.013645,-0.010596,-0.0038334,-0.0030353,0.032014,0.0091084,0,0.01172
30.571,0,0,0,5.8402e-06,7.1975e-06,0,1115.6,-0.013893,3.7331e-05,1.3746e-05,1.1376e-05,0.36193,-0.013637,-0.0103,-0.0037318,-0.0033959,0.032361,0.0094307,0,0.011849
31.513,0,0,0,5.6562e-06,6.9906e-06,0,1117.6,-0.013884,3.6467e-05,1.3486e-05,1.2174e-05,0.35639,-0.01363,-0.010167,-0.0036656,-0.0035348,0.032492,0.0095523,0,0.011897
32.096,0,0,0,3.9471e-06,4.8581e-06,0,1691.5,-0.013865,3.6806e-05,1.3254e-05,1.3378e-05,0.24165,-0.013616,-0.0082717,-0.0029393,-0.003244,0.032965,0.0099875,0,0.012083
30.901,0,0,0,4.0283e-06,4.8675e-06,0,1650.8,-0.01386,3.6395e-05,1.2959e-05,1.3263e-05,0.24967,-0.013614,-0.0083053,-0.0029187,-0.0033081,0.033092,0.010103,0,0.012135
27.594,0,0,0,4.2279e-06,4.8532e-06,0,1540.3,-0.013835,3.5125e-05,1.1912e-05,1.3126e-05,0.27077,-0.013596,-0.0083661,-0.0028052,-0.0035057,0.033434,0.010416,0,0.012275
31.205,0,0,0,5.1108e-06,5.514e-06,0,1256.1,-0.013809,3.4449e-05,1.1633e-05,1.9747e-05,0.3163,-0.013572,-0.0093087,-0.0029623,-0.0047186,0.033899,0.010837,0,0.012472
34.262,0,0,0,4.6673e-06,4.7763e-06,0,1771.2,-0.013804,3.6645e-05,1.1572e-05,2.2639e-05,0.25493,-0.013569,-0.0082525,-0.0024972,-0.0045796,0.034361,0.011251,4.1359e-25,0.012675
33.859,0,0,0,6.4037e-06,6.3825e-06,0,1556,-0.013804,3.9891e-05,1.0819e-05,2.4249e-05,0.33375,-0.013569,-0.0097351,-0.0025538,-0.0056434,0.03482,0.011658,0,0.012886
39.955,0,0,0,8.3281e-06,8.273e-06,0,1221.2,-0.013774,4.4064e-05,1.1099e-05,2.9872e-05,0.40849,-0.013537,-0.011729,-0.0028549,-0.0071319,0.035275,0.012059,0,0.013103
43.551,0,0,0,7.7262e-06,7.722e-06,0,1673.1,-0.013752,4.7522e-05,1.1462e-05,3.0249e-05,0.33691,-0.013515,-0.010687,-0.002535,-0.0064634,0.035727,0.012453,0,0.013325
40.344,0,0,0,9.3226e-06,9.4178e-06,0,1426.2,-0.01373,4.6976e-05,1.0754e-05,2.8956e-05,0.42354,-0.013491,-0.011729,-0.002662,-0.0072899,0.036177,0.012842,0,0.013551
43.874,0,0,0,1.1217e-05,1.1435e-05,0,1038.6,-0.013685,4.6699e-05,1.0579e-05,3.0985e-05,0.5125,-0.013445,-0.013218,-0.0029478,-0.0084295,0.036624,0.013222,8.2718e-25,0.013785
44.947,0,0,0,9.1337e-06,9.4972e-06,0,1301.1,-0.013669,4.8143e-05,1.0506e-05,2.9634e-05,0.41254,-0.013427,-0.01192,-0.0026214,-0.0076338,0.037068,0.013597,-8.2718e-25,0.014023
42.604,0,0,0,7.856e-06,8.3613e-06,0,1514,-0.013643,4.9364e-05,1.0483e-05,3.1576e-05,0.35279,-0.0134,-0.011337,-0.0024103,-0.0074393,0.03751,0.013966,0,0.014266
40.51,0,0,0,6.9623e-06,7.5018e-06,0,1716.9,-0.013614,4.9297e-05,1.0276e-05,3.1768e-05,0.31222,-0.013371,-0.010626,-0.0022276,-0.0071483,0.03795,0.01433,0,0.014515
38.438,0,0,0,5.7851e-06,6.3459e-06,0,1940.3,-0.013582,4.8317e-05,1.0027e-05,3.1677e-05,0.26755,-0.013341,-0.0097397,-0.0020368,-0.0067559,0.03839,0.014687,0,0.014771
37.932,0,0,0,5.4608e-06,6.0449e-06,0,2221,-0.01354,4.5624e-05,1.0074e-05,3.2601e-05,0.2438,-0.013302,-0.0087721,-0.0019195,-0.0063488,0.038829,0.01504,-4.1359e-25,0.015032
34.201,0,0,0,6.463e-06,7.1129e-06,0,1719.8,-0.013509,4.0484e-05,9.1843e-06,2.8556e-05,0.32671,-0.013273,-0.0090878,-0.0020861,-0.0069296,0.039268,0.015389,0,0.015298
35.789,0,0,0,7.7324e-06,8.434e-06,0,1173.3,-0.013481,3.7652e-05,8.8763e-06,2.8656e-05,0.40319,-0.013245,-0.0099065,-0.0023424,-0.0077335,0.039676,0.015708,0,0.015553
35.898,0,0,0,7.8265e-06,8.5315e-06,0,1132.5,-0.013478,3.7438e-05,8.8339e-06,2.866e-05,0.40888,-0.013242,-0.0099672,-0.0023571,-0.0077928,0.039706,0.015732,0,0.015572
36.054,0,0,0,6.2359e-06,6.7243e-06,0,1315.8,-0.013458,3.6011e-05,8.6778e-06,2.6333e-05,0.33704,-0.013225,-0.0087046,-0.0021468,-0.0069117,0.040144,0.016069,0,0.015851
35.678,0,0,0,6.1088e-06,6.5639e-06,0,1332.2,-0.013454,3.5795e-05,8.6614e-06,2.6404e-05,0.33163,-0.013222,-0.008613,-0.0021297,-0.0068732,0.040207,0.016117,0,0.015892
33.337,0,0,0,5.3498e-06,5.5826e-06,0,1430.2,-0.013421,3.4491e-05,8.2893e-06,2.6851e-05,0.29932,-0.013194,-0.0080661,-0.0019628,-0.0066468,0.040581,0.016402,0,0.016135
31.655,0,0,0,4.8089e-06,4.8718e-06,0,1492,-0.013399,3.2433e-05,8.0894e-06,2.6102e-05,0.277,-0.013175,-0.0074217,-0.0018763,-0.0063387,0.041018,0.016729,0,0.016423
29.968,0,0,0,4.2817e-06,4.1819e-06,0,1526.2,-0.013398,3.0416e-05,8.1464e-06,2.5386e-05,0.25905,-0.013172,-0.0068828,-0.0018677,-0.0060872,0.041392,0.017004,0,0.016677
29.675,0,0,0,4.1947e-06,4.0639e-06,0,1531.9,-0.013395,3.0081e-05,8.1105e-06,2.5275e-05,0.25608,-0.013169,-0.0067938,-0.0018557,-0.0060468,0.041454,0.01705,0,0.016719
29.483,0,0,0,4.1481e-06,3.9963e-06,0,1535.1,-0.013393,2.9802e-05,8.0797e-06,2.5188e-05,0.25428,-0.013167,-0.0067264,-0.0018469,-0.0060145,0.041515,0.017094,0,0.01676
28.278,0,0,0,3.8757e-06,3.5746e-06,0,1554.9,-0.013366,2.8122e-05,7.6231e-06,2.4763e-05,0.24364,-0.013145,-0.0063247,-0.0017318,-0.0058367,0.04189,0.017366,-4.1359e-25,0.017018
27.103,0,0,0,3.5888e-06,3.1544e-06,0,1565.2,-0.013371,2.6439e-05,7.6858e-06,2.4144e-05,0.2341,-0.013146,-0.0059365,-0.0017401,-0.0056732,0.042232,0.017612,0,0.017257
26.78,0,0,0,3.5153e-06,3.0396e-06,0,1568,-0.013369,2.5996e-05,7.6308e-06,2.4007e-05,0.23165,-0.013143,-0.0058354,-0.0017261,-0.0056348,0.042325,0.017678,0,0.017322
26.576,0,0,0,3.4748e-06,2.9681e-06,0,1564.9,-0.013367,2.5598e-05,7.5772e-06,2.3872e-05,0.2304,-0.013141,-0.0057524,-0.0017156,-0.005602,0.042424,0.017747,0,0.017393
25.912,0,0,0,3.3637e-06,2.7333e-06,0,1554.2,-0.013346,2.4333e-05,7.1375e-06,2.3589e-05,0.22706,-0.013123,-0.0054952,-0.0016217,-0.0055264,0.04276,0.017982,0,0.017634
25.148,0,0,0,3.2393e-06,2.4941e-06,0,1537.9,-0.013356,2.2859e-05,7.184e-06,2.3189e-05,0.22428,-0.013128,-0.0052288,-0.0016411,-0.005447,0.043076,0.018199,0,0.017863
24.872,0,0,0,3.2026e-06,2.4073e-06,0,1531.8,-0.013355,2.2338e-05,7.1044e-06,2.3103e-05,0.22358,-0.013126,-0.005138,-0.0016264,-0.0054307,0.043196,0.018281,0,0.01795
24.777,0,0,0,3.1929e-06,2.3557e-06,0,1519.3,-0.013354,2.1904e-05,7.0309e-06,2.3047e-05,0.22408,-0.013124,-0.0050608,-0.0016161,-0.0054284,0.043332,0.018374,0,0.01805
24.65,0,0,0,3.2094e-06,2.2617e-06,0,1492.1,-0.013338,2.1085e-05,6.6205e-06,2.3167e-05,0.22652,-0.013109,-0.0049278,-0.0015358,-0.0054758,0.043632,0.018577,0,0.018271
24.173,0,0,0,3.2251e-06,2.1533e-06,0,1447.7,-0.013351,1.9873e-05,6.64e-06,2.2856e-05,0.2307,-0.013115,-0.0047395,-0.0015635,-0.0054635,0.043945,0.018784,0,0.018505
24.017,0,0,0,3.2461e-06,2.118e-06,0,1430.2,-0.013351,1.9447e-05,6.5493e-06,2.2829e-05,0.23289,-0.013114,-0.0046796,-0.0015517,-0.0054794,0.044068,0.018866,0,0.018598
24.556,0,0,0,3.4957e-06,2.1593e-06,0,1315.5,-0.013353,1.8687e-05,6.1929e-06,2.2775e-05,0.25243,-0.013111,-0.0046951,-0.0015302,-0.0055995,0.044506,0.019149,0,0.018931
24.368,0,0,0,3.5882e-06,2.1988e-06,0,1290.8,-0.013354,1.8715e-05,6.0997e-06,2.2692e-05,0.2586,-0.013111,-0.0047391,-0.001521,-0.0056646,0.044565,0.019187,0,0.018977
23.29,0,0,0,4.2445e-06,2.4876e-06,0,1132.1,-0.013346,1.9091e-05,5.2529e-06,2.246e-05,0.30044,-0.013103,-0.0050775,-0.0013961,-0.0061615,0.044944,0.019428,0,0.019269
21.047,0,0,0,3.6258e-06,2.0298e-06,0,1719.9,-0.013348,1.8212e-05,5.2293e-06,2.4236e-05,0.24542,-0.0131,-0.0044415,-0.0011829,-0.0056078,0.045382,0.019702,0,0.019611
21.191,0,0,0,2.3906e-06,1.2557e-06,0,2092.9,-0.013375,1.7535e-05,5.7641e-06,2.2049e-05,0.17159,-0.013122,-0.0035314,-0.0011481,-0.0046056,0.045709,0.0199,0,0.019871
21.291,0,0,0,1.9864e-06,1.0008e-06,0,2221,-0.013379,1.7379e-05,5.857e-06,2.1422e-05,0.14691,-0.013125,-0.003238,-0.0011154,-0.0042889,0.045821,0.019968,0,0.01996
21.186,0,0,0,2.1449e-06,1.0621e-06,0,2136.6,-0.013381,1.6838e-05,5.7549e-06,2.2586e-05,0.15565,-0.013124,-0.0033056,-0.0011176,-0.0045522,0.045953,0.020046,0,0.020066
21.182,0,0,0,2.5765e-06,1.2349e-06,0,1939.9,-0.013372,1.5844e-05,5.2732e-06,2.5782e-05,0.17818,-0.013111,-0.0035232,-0.0010731,-0.0052608,0.04626,0.020229,0,0.020313
22.702,0,0,0,3.0586e-06,1.416e-06,0,1716.4,-0.013383,1.5262e-05,4.9231e-06,2.7093e-05,0.20719,-0.013112,-0.0036061,-0.001067,-0.0058067,0.046699,0.020485,0,0.02067
23.155,0,0,0,3.4661e-06,1.5667e-06,0,1611.5,-0.013404,1.4787e-05,4.8479e-06,2.7441e-05,0.22715,-0.013124,-0.003652,-0.001082,-0.0060689,0.046927,0.020613,0,0.020858
23.822,0,0,0,3.9195e-06,1.7418e-06,0,1513.5,-0.013409,1.4605e-05,4.5485e-06,2.824e-05,0.24829,-0.013123,-0.0037565,-0.0010464,-0.0064136,0.04714,0.020734,0,0.021034
25.273,0,0,0,4.5568e-06,1.9996e-06,0,1393.6,-0.013417,1.4729e-05,4.1586e-06,2.9103e-05,0.28129,-0.013125,-0.0039644,-0.00099755,-0.0068582,0.047389,0.020871,0,0.021242
26.679,0,0,0,5.1836e-06,2.2755e-06,0,1300.8,-0.013408,1.5124e-05,3.6003e-06,3.0279e-05,0.31086,-0.013113,-0.0042023,-0.00089598,-0.0073255,0.047582,0.020977,0,0.021403
26.644,0,0,0,7.525e-06,3.5411e-06,0,1038.5,-0.013424,1.673e-05,2.5194e-06,3.091e-05,0.41853,-0.01312,-0.004951,-0.00068796,-0.008667,0.048026,0.021215,0,0.021777
25.591,0,0,0,7.2954e-06,3.3811e-06,0,1211.1,-0.013446,1.6044e-05,2.5874e-06,3.2108e-05,0.39584,-0.013134,-0.0047072,-0.00067229,-0.0084479,0.048225,0.02132,0,0.021947
24.596,0,0,0,7.1941e-06,3.3161e-06,0,1426.1,-0.013452,1.5572e-05,2.3618e-06,3.4164e-05,0.37283,-0.013133,-0.0045065,-0.00056588,-0.0083326,0.048473,0.021449,0,0.022158
27.651,0,0,0,6.1644e-06,2.705e-06,0,1571.4,-0.013471,1.5945e-05,2.6046e-06,3.3502e-05,0.31996,-0.013145,-0.0040771,-0.00059304,-0.0077458,0.048737,0.021582,0,0.022387
30.095,0,0,0,5.5665e-06,2.365e-06,0,1673,-0.013468,1.6518e-05,2.5213e-06,3.3582e-05,0.28617,-0.013139,-0.0038468,-0.00055629,-0.0074572,0.048922,0.021675,0,0.022546
28.835,0,0,0,8.946e-06,4.2352e-06,0,1221.4,-0.013485,1.6975e-05,1.3416e-06,3.7871e-05,0.4232,-0.01314,-0.0048402,-0.00032284,-0.0098662,0.049374,0.021897,0,0.02294
28.012,0,0,0,8.8545e-06,4.1221e-06,0,1313.9,-0.013506,1.6366e-05,1.3777e-06,3.885e-05,0.41297,-0.013155,-0.0046915,-0.00032996,-0.0097781,0.0495,0.021957,-1.034e-25,0.023051
26.505,0,0,0,9.0407e-06,4.2275e-06,0,1556.2,-0.013516,1.5541e-05,8.0887e-07,4.2683e-05,0.39637,-0.013152,-0.0044922,-0.00017611,-0.0098734,0.049829,0.022113,0,0.023341
33.972,0,0,0,7.7189e-06,3.4214e-06,0,1771.4,-0.013554,1.6609e-05,1.0545e-06,4.2838e-05,0.32844,-0.013172,-0.0039576,-0.00022435,-0.0092027,0.050287,0.022324,0,0.023747
33.708,0,0,0,1.2689e-05,6.4003e-06,0,1256.9,-0.013573,1.7304e-05,-4.6649e-07,4.7729e-05,0.49819,-0.013169,-0.0050263,0.0001539,-0.012251,0.050748,0.022527,0,0.024161
33.024,0,0,0,1.3134e-05,6.7355e-06,0,1376.4,-0.013577,1.6855e-05,-1.0356e-06,5.0638e-05,0.49376,-0.013165,-0.004936,0.00027467,-0.012416,0.050943,0.022609,-2.068e-25,0.024338
32.438,0,0,0,1.3907e-05,7.4827e-06,0,1541.6,-0.013563,1.6541e-05,-2.1066e-06,5.4975e-05,0.49043,-0.01314,-0.0048685,0.00050895,-0.012724,0.051213,0.022724,0,0.024582
42.735,0,0,0,1.3442e-05,7.5124e-06,0,1692.6,-0.013598,1.8308e-05,-2.2843e-06,5.6196e-05,0.44592,-0.013147,-0.0045442,0.00051377,-0.012275,0.051681,0.022915,0,0.025009
42.452,0,0,0,1.6113e-05,9.279e-06,0,1514.9,-0.013622,1.8523e-05,-2.6411e-06,5.6737e-05,0.52565,-0.013161,-0.0049517,0.00067262,-0.01336,0.051828,0.022973,0,0.025144
42.492,0,0,0,2.2369e-05,1.3869e-05,0,1119.1,-0.013627,1.9544e-05,-4.0672e-06,5.8623e-05,0.70833,-0.013148,-0.0059593,0.0011657,-0.015937,0.052154,0.023101,0,0.025445
37.66,0,0,0,2.5347e-05,1.6873e-05,0,1112.1,-0.013645,2.0021e-05,-6.0137e-06,6.2617e-05,0.7562,-0.013147,-0.0060953,0.0016465,-0.01709,0.052632,0.023279,0,0.025889
41.8,0,0,0,1.8975e-05,1.3341e-05,0,1889.1,-0.013681,1.8591e-05,-6.4075e-06,7.1784e-05,0.51213,-0.013159,-0.0046784,0.0013634,-0.015044,0.053116,0.023451,0,0.02634
45.612,0,0,0,1.947e-05,1.4193e-05,0,1919.2,-0.013687,1.8703e-05,-6.6927e-06,7.408e-05,0.51226,-0.013152,-0.0046592,0.0014129,-0.015348,0.053286,0.023508,0,0.026501
52.741,0,0,0,2.0391e-05,1.6167e-05,0,1975.4,-0.013673,1.9018e-05,-7.5218e-06,7.8254e-05,0.51243,-0.013115,-0.0046316,0.001566,-0.015896,0.053605,0.023615,0,0.026801
52.801,0,0,0,3.47e-05,2.9495e-05,0,1222.3,-0.013648,2.1306e-05,-1.0393e-05,7.7432e-05,0.85084,-0.013063,-0.0061228,0.0028014,-0.020149,0.054099,0.023774,0,0.027269
46.393,0,0,0,4.1099e-05,3.6662e-05,0,1085.4,-0.013646,2.2497e-05,-1.3152e-05,7.8235e-05,0.96481,-0.013038,-0.0065131,0.0036048,-0.021517,0.054599,0.023924,0,0.027746
46.977,0,0,0,3.9076e-05,3.502e-05,0,1200.2,-0.01369,2.2531e-05,-1.3142e-05,8.0348e-05,0.90408,-0.013068,-0.0062171,0.0034461,-0.021192,0.054744,0.023964,0,0.027885
48.314,0,0,0,3.3854e-05,3.2316e-05,0,1484.8,-0.013729,2.2695e-05,-1.3824e-05,8.4505e-05,0.75105,-0.01308,-0.0054495,0.003246,-0.020097,0.055104,0.024065,0,0.028231
50.215,0,0,0,2.784e-05,2.9792e-05,0,2346.2,-0.013737,1.7466e-05,-1.5752e-05,9.9898e-05,0.55128,-0.013053,-0.0040933,0.002961,-0.018899,0.055616,0.024198,0,0.028725
63.522,0,0,0,3.3475e-05,4.0278e-05,0,2324.9,-0.013698,1.5208e-05,-1.8515e-05,0.00010611,0.61168,-0.01299,-0.0037362,0.0035824,-0.020184,0.056135,0.024323,0,0.029228
63.696,0,0,0,3.9308e-05,4.7096e-05,0,2120.9,-0.013677,1.5441e-05,-1.9386e-05,0.00010511,0.71134,-0.012969,-0.003951,0.0040482,-0.021258,0.056244,0.024347,0,0.029335
63.855,0,0,0,6.0973e-05,7.319e-05,0,1338.7,-0.013563,1.6265e-05,-2.2991e-05,0.0001001,1.0871,-0.012864,-0.004734,0.0059009,-0.025081,0.056661,0.02444,-2.068e-25,0.029742
56.621,0,0,0,7.6569e-05,9.0747e-05,0,1078.3,-0.013503,1.7577e-05,-2.6871e-05,9.6872e-05,1.3159,-0.012795,-0.0050183,0.0073671,-0.026617,0.057198,0.024548,0,0.030267
59.062,0,0,0,6.8881e-05,8.443e-05,0,1263.6,-0.013498,1.8668e-05,-2.921e-05,9.8563e-05,1.1508,-0.012761,-0.0044511,0.0073809,-0.025114,0.057742,0.024645,-2.068e-25,0.030803
58.746,0,0,0,6.4698e-05,8.1191e-05,0,1406.7,-0.0135,1.8033e-05,-3.0948e-05,0.00010313,1.0578,-0.01274,-0.0040756,0.0074074,-0.024931,0.058163,0.024711,0,0.031219
58.48,0,0,0,6.3148e-05,8.0135e-05,0,1450.9,-0.013489,1.7782e-05,-3.1562e-05,0.00010409,1.0269,-0.012725,-0.0039431,0.007435,-0.024762,0.058293,0.024731,0,0.031348
58.339,0,0,0,6.2641e-05,7.9752e-05,0,1465.7,-0.013484,1.7682e-05,-3.1746e-05,0.00010418,1.0181,-0.012719,-0.0038938,0.0074409,-0.024667,0.058336,0.024737,0,0.03139
56.007,0,0,0,5.5709e-05,7.4709e-05,0,1641.9,-0.013387,1.6279e-05,-3.4176e-05,0.00010344,0.90592,-0.01263,-0.003254,0.0075627,-0.023134,0.058846,0.024806,0,0.031896
54.999,0,0,0,5.2365e-05,7.2072e-05,0,1739.9,-0.01335,1.5455e-05,-3.5293e-05,0.00010365,0.85148,-0.012592,-0.0029412,0.0075816,-0.022489,0.059395,0.024869,0,0.032441
51.883,0,0,0,4.1463e-05,6.354e-05,0,2195.2,-0.013253,1.1195e-05,-3.8019e-05,0.0001032,0.67738,-0.01249,-0.0018001,0.0072857,-0.020078,0.059934,0.024917,0,0.032977
52.836,0,0,0,3.3875e-05,5.8736e-05,0,3023.1,-0.013144,3.9591e-06,-4.2556e-05,0.00010714,0.52938,-0.012402,-0.00079932,0.0069808,-0.017881,0.060459,0.024954,0,0.033501
66.026,0,0,0,4.7487e-05,8.8423e-05,0,2707.5,-0.012957,-1.0745e-07,-4.782e-05,0.00010153,0.69178,-0.012293,-0.00021283,0.0086882,-0.018123,0.060969,0.024979,0,0.034011
68.914,0,0,0,0.00011667,0.00018055,0,1345.7,-0.012729,2.2149e-06,-5.1323e-05,8.4825e-05,1.5336,-0.012174,-0.00052248,0.013223,-0.021279,0.061467,0.024993,8.2718e-25,0.034509
59.368,0,0,0,0.00016444,0.00022787,0,911.66,-0.012664,6.8806e-06,-5.1195e-05,7.1467e-05,2.1039,-0.012124,-0.0010727,0.015332,-0.021274,0.061959,0.025,0,0.035
62.291,0,0,0,0.0001203,0.00017526,0,1346.4,-0.012633,9.4159e-06,-5.1831e-05,6.9023e-05,1.5601,-0.012098,-0.0010414,0.013151,-0.017632,0.06245,0.024993,0,0.035491
54.331,0,0,0,5.3566e-05,9.1905e-05,0,2709,-0.012463,5.7745e-06,-5.6723e-05,7.3524e-05,0.732,-0.012023,-0.00029772,0.010162,-0.013486,0.062948,0.024979,0,0.035989
41.23,0,0,0,3.6193e-05,6.8721e-05,0,3024,-0.012278,-4.8638e-09,-6.2069e-05,6.8584e-05,0.54756,-0.011949,0.00052064,0.01032,-0.011448,0.063459,0.024954,8.2718e-25,0.036499
40.527,0,0,0,5.4047e-05,0.00010318,0,2196.7,-0.012108,-1.7419e-06,-6.7342e-05,5.5768e-05,0.77302,-0.011888,0.00073661,0.012941,-0.010687,0.063984,0.024917,0,0.037023
40.129,0,0,0,7.5001e-05,0.0001339,0,1742.7,-0.011921,8.4866e-07,-7.2338e-05,3.6792e-05,1.019,-0.011835,0.00050359,0.01554,-0.0078639,0.064522,0.024869,0,0.037559
39.461,0,0,0,8.2328e-05,0.00014708,0,1645.2,-0.011869,1.7015e-06,-7.3548e-05,3.0979e-05,1.1012,-0.011827,0.00036424,0.016298,-0.0067539,0.065071,0.024806,0,0.038104
38.025,0,0,0,9.9418e-05,0.00017648,0,1455.4,-0.011771,3.7038e-06,-7.5679e-05,1.9635e-05,1.2884,-0.01182,-5.8736e-06,0.017852,-0.0044477,0.065624,0.024731,0,0.038652
37.265,0,0,0,0.00012312,0.00021503,0,1270.3,-0.011694,6.2148e-06,-7.7062e-05,9.0371e-06,1.5384,-0.011828,-0.00057009,0.019496,-0.001976,0.066175,0.024645,0,0.039196
39.786,0,0,0,0.00015861,0.00025596,0,1115.8,-0.011654,9.3359e-06,-7.8041e-05,2.2539e-06,1.872,-0.011837,-0.0012829,0.021155,-0.000222,0.06664,0.024562,0,0.039654
40.11,0,0,0,0.00016424,0.00026235,0,1089.1,-0.011647,9.9075e-06,-7.8121e-05,7.5942e-07,1.9266,-0.011841,-0.0014167,0.021419,0.00016198,0.06672,0.024548,0,0.039733
41.112,0,0,0,0.00012484,0.00021078,0,1346.8,-0.011619,1.328e-05,-7.9637e-05,-1.2568e-05,1.5427,-0.011877,-0.0020473,0.020003,0.0031697,0.067256,0.02444,0,0.040258
40.281,0,0,0,5.2955e-05,0.00010613,0,2328.6,-0.011591,1.6513e-05,-8.2283e-05,-2.8091e-05,0.76792,-0.011923,-0.0022259,0.015687,0.0053967,0.067783,0.024323,0,0.040772
42.942,0,0,0,6.0243e-05,0.00010653,0,2341.9,-0.01159,1.8076e-05,-8.1444e-05,-3.3752e-05,0.81458,-0.011964,-0.0025527,0.015446,0.0065877,0.06808,0.024251,0,0.04106
45.292,0,0,0,6.3851e-05,0.00010475,0,2351.7,-0.011607,1.937e-05,-8.0106e-05,-3.9392e-05,0.83748,-0.012013,-0.0028435,0.01513,0.0077419,0.068302,0.024198,0,0.041275
53.532,0,0,0,0.00010646,0.00017491,0,1493.9,-0.01164,2.0427e-05,-7.6934e-05,-4.2492e-05,1.3323,-0.012102,-0.0037954,0.018062,0.01037,0.068813,0.024065,0,0.041769
59.884,0,0,0,0.00015063,0.00024769,0,1196.9,-0.011656,2.1972e-05,-7.7732e-05,-4.4242e-05,1.7859,-0.012145,-0.0047547,0.020563,0.012166,0.069195,0.023958,0,0.042135
62.01,0,0,0,0.00016402,0.00027018,0,1100.5,-0.011668,2.2526e-05,-7.7755e-05,-4.5158e-05,1.9271,-0.012165,-0.0050828,0.021319,0.012829,0.069319,0.023924,0,0.042254
70.501,0,0,0,0.00013902,0.0002281,0,1235.1,-0.011731,2.5645e-05,-7.8931e-05,-5.7181e-05,1.6966,-0.012261,-0.0058085,0.020643,0.015004,0.069818,0.023774,0,0.042731
72.424,0,0,0,7.1078e-05,0.00011888,0,1981.7,-0.011806,3.0481e-05,-8.0889e-05,-7.3862e-05,0.95601,-0.012377,-0.0057768,0.016599,0.015322,0.070313,0.023615,0,0.043199
71.998,0,0,0,7.7996e-05,0.00013667,0,1938.3,-0.011863,3.3003e-05,-7.9107e-05,-7.4769e-05,1.022,-0.012443,-0.0063386,0.016458,0.015898,0.070564,0.023531,0,0.043436
71.379,0,0,0,8.2376e-05,0.00015032,0,1897,-0.011949,3.5222e-05,-7.6497e-05,-7.5943e-05,1.0704,-0.012524,-0.0068598,0.016129,0.0165,0.070802,0.023451,2.068e-25,0.04366
76.004,0,0,0,0.00014096,0.00026496,0,1126.4,-0.012074,3.6332e-05,-7.1721e-05,-7.054e-05,1.7835,-0.01263,-0.0089035,0.019562,0.019739,0.071285,0.023279,0,0.044111
85.237,0,0,0,0.00013902,0.00025556,0,1132.1,-0.012146,3.7016e-05,-7.2475e-05,-7.715e-05,1.7659,-0.012698,-0.0094187,0.019731,0.021076,0.071677,0.023133,0,0.044476
87.176,0,0,0,0.00013765,0.00025219,0,1133.3,-0.012168,3.713e-05,-7.2452e-05,-7.8636e-05,1.7561,-0.012717,-0.0095276,0.019716,0.021377,0.071763,0.023101,0,0.044555
90.105,0,0,0,8.3449e-05,0.0001499,0,1701.3,-0.012319,4.0953e-05,-7.3243e-05,-9.0593e-05,1.1102,-0.01285,-0.008858,0.016153,0.020166,0.072236,0.022915,0,0.04499
89.119,0,0,0,8.6221e-05,0.00015773,0,1676.1,-0.012347,4.1554e-05,-7.2866e-05,-9.0504e-05,1.145,-0.012871,-0.0091064,0.016249,0.020399,0.072315,0.022883,0,0.045063
83.556,0,0,0,9.6757e-05,0.00019151,0,1551.8,-0.012516,4.4059e-05,-6.9993e-05,-8.9731e-05,1.2955,-0.012984,-0.010251,0.016482,0.021452,0.072705,0.022724,0,0.045418
89.884,0,0,0,9.6978e-05,0.00019561,0,1267.3,-0.012685,4.5821e-05,-6.5075e-05,-8.996e-05,1.3791,-0.013102,-0.0114,0.016627,0.023098,0.073169,0.022527,0,0.045839
92.632,0,0,0,6.6337e-05,0.00013212,0,1778.7,-0.012854,4.8083e-05,-6.4172e-05,-9.7602e-05,0.96187,-0.013216,-0.010403,0.013775,0.021096,0.073631,0.022324,0,0.046253
85.516,0,0,0,8.1453e-05,0.00017209,0,1565.2,-0.013022,4.9197e-05,-6.2569e-05,-9.4259e-05,1.1893,-0.013311,-0.011782,0.014734,0.022302,0.074088,0.022113,0,0.046659
89.5,0,0,0,8.5224e-05,0.00018061,0,1388,-0.013089,5.0091e-05,-6.0955e-05,-9.3339e-05,1.2659,-0.013363,-0.0125,0.015086,0.02319,0.07433,0.021998,0,0.046872
92.154,0,0,0,8.5945e-05,0.00018353,0,1231,-0.013169,5.0312e-05,-5.8607e-05,-9.1849e-05,1.3147,-0.013412,-0.013019,0.015181,0.023806,0.074543,0.021897,0,0.04706
94.686,0,0,0,6.1676e-05,0.00013182,0,1679.9,-0.013332,5.147e-05,-5.6972e-05,-9.6034e-05,0.95182,-0.013507,-0.011631,0.012562,0.021239,0.074996,0.021675,0,0.047454
86.5,0,0,0,7.6614e-05,0.00016947,0,1434.6,-0.013484,5.0733e-05,-5.5391e-05,-9.0622e-05,1.2149,-0.013577,-0.013032,0.013706,0.022375,0.075445,0.021449,0,0.047842
89.933,0,0,0,7.8769e-05,0.00017742,0,1047.3,-0.013632,5.0152e-05,-5.0404e-05,-8.3426e-05,1.3579,-0.013656,-0.014159,0.014107,0.023313,0.075892,0.021215,0,0.048223
89.311,0,0,0,6.0777e-05,0.00014166,0,1307.7,-0.013715,4.8542e-05,-4.9639e-05,-8.9165e-05,1.0642,-0.013693,-0.012908,0.012337,0.021591,0.076336,0.020977,0,0.048597
82.447,0,0,0,4.8456e-05,0.00011658,0,1519,-0.013849,4.7806e-05,-4.5782e-05,-8.9009e-05,0.8739,-0.013758,-0.01189,0.010567,0.020042,0.076778,0.020734,0,0.048966
75.777,0,0,0,3.6201e-05,8.9224e-05,0,1720.4,-0.013982,4.6785e-05,-4.1535e-05,-8.7943e-05,0.71338,-0.013825,-0.011149,0.0089773,0.018515,0.077218,0.020485,0,0.04933
69.362,0,0,0,2.8542e-05,7.2611e-05,0,1942.7,-0.014086,4.5195e-05,-3.7079e-05,-8.4172e-05,0.59236,-0.013872,-0.010349,0.007571,0.016704,0.077658,0.020228,0,0.049687
65.548,0,0,0,2.0488e-05,5.4811e-05,0,2222.6,-0.014199,4.5332e-05,-3.2265e-05,-7.2942e-05,0.47228,-0.013923,-0.0092007,0.0061361,0.013872,0.078097,0.019968,0,0.05004
61.819,0,0,0,2.5123e-05,6.6606e-05,0,1889.3,-0.014211,4.3647e-05,-3.3123e-05,-6.9207e-05,0.60699,-0.013916,-0.01021,0.0072056,0.014619,0.078389,0.019791,0,0.050273
58.697,0,0,0,2.6137e-05,6.9513e-05,0,1722.2,-0.014207,4.1867e-05,-3.2661e-05,-6.6065e-05,0.65817,-0.013896,-0.010499,0.0075377,0.014705,0.078535,0.019702,0,0.050389
60.345,0,0,0,2.7533e-05,7.3843e-05,0,1134.9,-0.014244,3.9452e-05,-2.9297e-05,-5.7407e-05,0.76516,-0.013908,-0.011119,0.0078578,0.015005,0.078974,0.019428,0,0.050731
57.606,0,0,0,2.088e-05,5.9736e-05,0,1317.6,-0.014237,3.4403e-05,-2.68e-05,-5.6757e-05,0.61835,-0.013899,-0.0094555,0.0066181,0.013178,0.079412,0.019149,0,0.051069
50.671,0,0,0,1.6349e-05,4.8906e-05,0,1431.7,-0.014259,3.0428e-05,-2.3208e-05,-5.2707e-05,0.52013,-0.013902,-0.0082151,0.0055132,0.011768,0.079849,0.018865,0,0.051402
44.816,0,0,0,1.2023e-05,3.7545e-05,0,1493.1,-0.014288,2.729e-05,-1.9474e-05,-4.7448e-05,0.4399,-0.013912,-0.0073454,0.0045205,0.010351,0.080286,0.018577,0,0.051729
38.785,0,0,0,9.3075e-06,2.9673e-05,0,1532.9,-0.01429,2.4121e-05,-1.6355e-05,-4.1737e-05,0.37798,-0.013908,-0.0065221,0.0037528,0.008934,0.080722,0.018281,0,0.05205
33.642,0,0,0,6.621e-06,2.156e-05,0,1555.3,-0.014287,2.1189e-05,-1.3243e-05,-3.5689e-05,0.31973,-0.013903,-0.0056822,0.0030156,0.0075478,0.081157,0.017982,0,0.052366
28.633,0,0,0,5.0801e-06,1.6396e-05,0,1568.4,-0.01427,1.8304e-05,-1.0893e-05,-3.0607e-05,0.27559,-0.013891,-0.0049551,0.0024722,0.0063961,0.081593,0.017678,0,0.052678
24.543,0,0,0,3.6238e-06,1.1324e-05,0,1554.9,-0.014258,1.5677e-05,-8.4041e-06,-2.5369e-05,0.23654,-0.013882,-0.0042572,0.0019187,0.0052959,0.082028,0.017366,0,0.052982
20.604,0,0,0,2.8316e-06,8.3466e-06,0,1532.1,-0.014233,1.3278e-05,-6.634e-06,-2.1239e-05,0.20796,-0.013867,-0.0036789,0.0015245,0.0044358,0.082463,0.01705,0,0.053281
17.691,0,0,0,2.0938e-06,5.5261e-06,0,1491.9,-0.014214,1.1464e-05,-4.753e-06,-1.7177e-05,0.18354,-0.013855,-0.0031766,0.0011119,0.0036416,0.082899,0.016729,0,0.053577
14.823,0,0,0,1.7156e-06,4.0686e-06,0,1429.8,-0.014186,9.7741e-06,-3.4351e-06,-1.439e-05,0.16751,-0.01384,-0.0027945,0.00081581,0.0030692,0.083336,0.016402,0,0.053865
13.166,0,0,0,1.4046e-06,2.842e-06,0,1315.2,-0.014165,8.5065e-06,-2.0472e-06,-1.1343e-05,0.1603,-0.013827,-0.0024662,0.00051843,0.0025971,0.083773,0.016069,0,0.054149
10.966,0,0,0,1.417e-06,2.4401e-06,0,1131.7,-0.014136,7.6475e-06,-1.0371e-06,-1.0282e-05,0.17297,-0.01381,-0.002556,0.00026365,0.0024422,0.084211,0.015732,0,0.054428
8.2093,0,0,0,7.5345e-07,1.0799e-06,0,1719.1,-0.014127,7.5089e-06,1.7655e-06,-4.5454e-06,0.1109,-0.013807,-0.0017678,-0.00034929,0.0012564,0.08465,0.015389,-4.1359e-25,0.054702
6.7708,0,0,0,3.1247e-07,3.7513e-07,0,2220.1,-0.0141,5.6274e-06,2.7674e-06,-5.1049e-06,0.058323,-0.013793,-0.0011592,-0.00052409,0.00087119,0.085088,0.01504,0,0.054968
6.6735,0,0,0,3.2353e-07,3.6848e-07,0,1939.2,-0.014079,5.8218e-06,3.1333e-06,-4.7199e-06,0.063243,-0.013783,-0.0012602,-0.00063824,0.00093614,0.085527,0.014687,0,0.055229
7.0959,0,0,0,3.6801e-07,3.764e-07,0,1715.9,-0.014061,6.1024e-06,3.6042e-06,-4.1648e-06,0.071846,-0.013774,-0.0013881,-0.0007784,0.00092047,0.085967,0.01433,0,0.055485
7.5479,0,0,0,4.207e-07,3.8933e-07,0,1513,-0.014043,6.3765e-06,4.0043e-06,-3.9782e-06,0.081719,-0.013766,-0.0015261,-0.00092343,0.00094475,0.086407,0.013966,0,0.055734
8.5844,0,0,0,5.4331e-07,4.3588e-07,0,1300.2,-0.014028,7.0134e-06,4.1853e-06,-3.6006e-06,0.10045,-0.013759,-0.0017736,-0.0010382,0.001021,0.08685,0.013597,0,0.055977
9.0128,0,0,0,8.0915e-07,6.1634e-07,0,1037.6,-0.014014,7.9764e-06,4.2615e-06,-4.2042e-06,0.13776,-0.013751,-0.0023351,-0.0011965,0.0012404,0.087294,0.013223,0,0.056215
8.6548,0,0,0,7.8291e-07,6.231e-07,0,1095.6,-0.014025,7.9454e-06,4.1507e-06,-3.7361e-06,0.1337,-0.013765,-0.0022506,-0.0011377,0.0011441,0.08736,0.013166,0,0.05625
8.2283,0,0,0,6.4965e-07,5.1802e-07,0,1425.2,-0.014017,9.0117e-06,5.0639e-06,-2.0243e-06,0.11195,-0.013765,-0.0021109,-0.0012333,0.00086431,0.08774,0.012842,0,0.056449
9.9394,0,0,0,5.0604e-07,3.3256e-07,0,1672.3,-0.014004,9.9177e-06,5.2333e-06,-3.3472e-06,0.086139,-0.01376,-0.0021266,-0.0011466,0.00092016,0.08819,0.012454,0,0.056675
10.479,0,0,0,8.6389e-07,6.2567e-07,0,1220.4,-0.013994,1.1744e-05,4.7221e-06,-4.5747e-06,0.13176,-0.013758,-0.0030216,-0.0012214,0.0013664,0.088642,0.01206,0,0.056897
10.38,0,0,0,8.4794e-07,6.2038e-07,0,1333.4,-0.013992,1.2361e-05,4.9002e-06,-4.2221e-06,0.12752,-0.013759,-0.0030395,-0.0012233,0.0013235,0.088795,0.011925,0,0.05697
10.495,0,0,0,8.2259e-07,5.8492e-07,0,1555.2,-0.013978,1.3802e-05,5.5603e-06,-3.7616e-06,0.11962,-0.013749,-0.00313,-0.0012999,0.0012864,0.089097,0.011659,0,0.057113
13.609,0,0,0,7.9828e-07,5.5741e-07,0,1770.5,-0.013972,1.6003e-05,5.3762e-06,-4.9596e-06,0.10542,-0.01375,-0.0033788,-0.0011439,0.0013481,0.089555,0.011253,0,0.057324
14.132,0,0,0,1.389e-06,1.4015e-06,0,1255.5,-0.013968,1.8388e-05,4.6376e-06,-6.195e-06,0.16506,-0.013754,-0.0046472,-0.0011843,0.0018617,0.090016,0.010839,0,0.057527
13.811,0,0,0,1.4001e-06,1.5186e-06,0,1369.6,-0.013978,1.9282e-05,4.424e-06,-5.8002e-06,0.1617,-0.013771,-0.0046768,-0.0010903,0.0018068,0.090202,0.01067,0,0.057606
13.736,0,0,0,1.4149e-06,1.6341e-06,0,1539.8,-0.01398,2.0823e-05,4.6629e-06,-5.4499e-06,0.15659,-0.013778,-0.0047835,-0.0010924,0.0017756,0.09048,0.010418,0,0.057724
18.674,0,0,0,1.5693e-06,2.0467e-06,0,1690.9,-0.013984,2.4217e-05,4.0653e-06,-6.4582e-06,0.15214,-0.013787,-0.0052888,-0.00087722,0.0018298,0.090949,0.0099905,0,0.057915
18.813,0,0,0,2.7407e-06,4.5582e-06,0,1116.8,-0.013992,2.6404e-05,3.0454e-06,-7.4164e-06,0.24815,-0.013799,-0.0070524,-0.00083257,0.0024426,0.091422,0.0095554,0,0.058101
18.529,0,0,0,2.8453e-06,4.799e-06,0,1115.4,-0.013995,2.6938e-05,3.1466e-06,-7.6927e-06,0.25262,-0.013802,-0.0072002,-0.00085763,0.0024982,0.091513,0.0094705,0,0.058135
17.55,0,0,0,3.2476e-06,5.643e-06,0,1109.5,-0.013997,2.9178e-05,4.0511e-06,-8.9071e-06,0.26985,-0.013803,-0.007824,-0.001093,0.0027401,0.0919,0.0091115,0,0.058279
20.612,0,0,0,2.6308e-06,4.2924e-06,0,1887.2,-0.014023,3.4225e-05,4.9008e-06,-9.6604e-06,0.191,-0.013826,-0.0072159,-0.0010348,0.0024081,0.092384,0.0086595,0,0.058451
26.246,0,0,0,2.8547e-06,4.9657e-06,0,1973.5,-0.014059,3.8754e-05,4.1404e-06,-9.2621e-06,0.19175,-0.013856,-0.0079911,-0.00082665,0.0023482,0.092872,0.0081993,0,0.058615
25.833,0,0,0,3.8224e-06,6.9051e-06,0,1612.7,-0.014085,3.9597e-05,3.1542e-06,-9.3783e-06,0.25268,-0.013882,-0.0091846,-0.00070989,0.002629,0.093109,0.0079755,0,0.058691
25.5,0,0,0,4.837e-06,8.8883e-06,0,1218.5,-0.014104,4.0387e-05,2.6607e-06,-9.4796e-06,0.31784,-0.013897,-0.010464,-0.00070354,0.0029281,0.093367,0.007731,0,0.058774
22.649,0,0,0,6.0223e-06,1.0616e-05,0,1080.5,-0.014136,4.1913e-05,3.463e-06,-1.076e-05,0.36866,-0.013923,-0.011375,-0.00093693,0.00324,0.093867,0.0072541,0,0.058924
22.851,0,0,0,5.9958e-06,1.0511e-05,0,1113.3,-0.014139,4.233e-05,3.5561e-06,-1.0994e-05,0.36367,-0.013926,-0.011349,-0.00094774,0.0032333,0.093908,0.0072143,0,0.058935
25.224,0,0,0,5.6477e-06,9.1339e-06,0,1480.9,-0.014161,4.6869e-05,5.1592e-06,-1.3482e-05,0.30646,-0.01394,-0.011033,-0.0012009,0.0031358,0.094372,0.0067688,0,0.059065
26.709,0,0,0,4.5011e-06,6.5569e-06,0,2344.2,-0.014223,5.2469e-05,6.0129e-06,-1.2385e-05,0.22233,-0.013993,-0.0099922,-0.0011304,0.0025737,0.094884,0.006275,-2.068e-25,0.059198
32.45,0,0,0,4.5459e-06,6.1333e-06,0,2322.5,-0.014276,5.5207e-05,5.6575e-06,-1.0958e-05,0.22522,-0.014041,-0.010623,-0.0010608,0.0023247,0.095402,0.0057716,0,0.059323
31.037,0,0,0,6.691e-06,8.6115e-06,0,1467.8,-0.01432,5.2804e-05,4.7275e-06,-1.1036e-05,0.34953,-0.014087,-0.012791,-0.0011535,0.0027271,0.095857,0.005328,0,0.059424
30.834,0,0,0,7.028e-06,8.9888e-06,0,1332.4,-0.014325,5.2419e-05,4.6682e-06,-1.1028e-05,0.36915,-0.014092,-0.013133,-0.0011851,0.0027882,0.095929,0.0052578,0,0.05944
28.739,0,0,0,7.5277e-06,9.3138e-06,0,1223.2,-0.014337,5.0779e-05,5.1327e-06,-1.1103e-05,0.39502,-0.014104,-0.013224,-0.0013476,0.0028154,0.096152,0.0050394,0,0.059485
26.023,0,0,0,8.2363e-06,9.6646e-06,0,1069.9,-0.014342,4.8535e-05,6.3143e-06,-1.1179e-05,0.43153,-0.014107,-0.013363,-0.0017206,0.0028499,0.096465,0.0047326,0,0.059548
26.35,0,0,0,7.1032e-06,7.7834e-06,0,1256,-0.01436,4.6348e-05,7.6372e-06,-1.1885e-05,0.36953,-0.014128,-0.011894,-0.0019262,0.0025106,0.09701,0.0041965,0,0.059645
24.277,0,0,0,5.5257e-06,5.6397e-06,0,1443.7,-0.014389,4.3835e-05,8.5983e-06,-1.0145e-05,0.30355,-0.014157,-0.010553,-0.0020243,0.0019892,0.097561,0.0036522,0,0.059731
21.921,0,0,0,4.1983e-06,4.1412e-06,0,1635.5,-0.014416,4.1559e-05,9.4854e-06,-7.3353e-06,0.24856,-0.014185,-0.0094125,-0.0020987,0.0013749,0.098114,0.0031044,0,0.059806
20.221,0,0,0,3.4516e-06,3.387e-06,0,1854.2,-0.014438,4.0323e-05,1.0487e-05,-4.3091e-06,0.21184,-0.014208,-0.0085388,-0.002179,0.00082623,0.098663,0.0025593,0,0.059869
19.635,0,0,0,3.1734e-06,3.1339e-06,0,2190.5,-0.014463,4.1784e-05,1.1609e-05,-2.141e-06,0.18725,-0.014232,-0.0081065,-0.0022219,0.00045498,0.099202,0.0020227,0,0.059917
20.872,0,0,0,2.8091e-06,2.7779e-06,0,3019.9,-0.0145,4.5403e-05,1.2809e-05,1.4856e-06,0.15243,-0.014267,-0.0075991,-0.0021075,0.00011816,0.099726,0.0014991,0,0.059955
29.918,0,0,0,4.6646e-06,4.5871e-06,0,2702.9,-0.014547,4.9489e-05,1.3622e-05,4.8606e-06,0.21634,-0.014311,-0.0090868,-0.0024634,-0.00034794,0.10024,0.00098937,0,0.059979
32.028,0,0,0,1.0463e-05,1.0075e-05,0,1332.9,-0.014605,4.708e-05,1.3531e-05,3.7866e-06,0.4601,-0.014368,-0.011835,-0.0034516,-0.00044393,0.10074,0.00049137,0,0.059993
26.819,0,0,0,1.4379e-05,1.3567e-05,0,893.25,-0.01465,4.2036e-05,1.4201e-05,1.204e-06,0.62216,-0.01441,-0.012513,-0.0042537,-0.00029901,0.10123,-2.0297e-09,0,0.06
32.934,0,0,0,1.1103e-05,1.0393e-05,0,1332.8,-0.014691,4.7535e-05,1.5575e-05,-1.0292e-06,0.47398,-0.01445,-0.011824,-0.0039695,-0.0001512,0.10172,-0.00049137,0,0.059993
31.965,0,0,0,5.6546e-06,5.3327e-06,0,2702.3,-0.014766,5.6004e-05,1.5994e-05,-1.3523e-06,0.23873,-0.014523,-0.01007,-0.0028872,-0.0001238,0.10222,-0.00098937,0,0.059979
23.601,0,0,0,4.2231e-06,4.044e-06,0,3019.5,-0.014846,5.3512e-05,1.5022e-05,2.7297e-06,0.18692,-0.0146,-0.0089622,-0.0024684,-0.00058775,0.10273,-0.0014991,0,0.059955
21.799,0,0,0,5.2364e-06,5.0838e-06,0,2190.7,-0.014922,4.6847e-05,1.3494e-05,7.6931e-06,0.24072,-0.014673,-0.0092388,-0.0025837,-0.0012227,0.10325,-0.0020227,0,0.059917
21.645,0,0,0,6.2552e-06,6.0938e-06,0,1854.5,-0.015028,4.36e-05,1.2298e-05,1.1667e-05,0.28517,-0.014773,-0.0094453,-0.0025555,-0.0019995,0.10379,-0.0025593,0,0.059869
20.801,0,0,0,7.282e-06,7.122e-06,0,1635.9,-0.015183,3.8732e-05,1.0998e-05,1.5133e-05,0.32752,-0.014923,-0.0089828,-0.002432,-0.0028877,0.10434,-0.0031044,0,0.059806
19.071,0,0,0,8.0129e-06,7.866e-06,0,1518.4,-0.015295,3.1186e-05,9.9234e-06,1.4563e-05,0.35735,-0.015039,-0.0074987,-0.0022728,-0.0030759,0.10468,-0.0034399,4.1359e-25,0.05976
18.01,0,0,0,8.4748e-06,8.3387e-06,0,1444.1,-0.01536,2.6439e-05,9.2829e-06,1.4204e-05,0.37622,-0.015104,-0.006567,-0.0021807,-0.0031947,0.10489,-0.0036522,0,0.059731
17.187,0,0,0,9.7406e-06,9.8726e-06,0,1329.6,-0.015425,1.4013e-05,8.0098e-06,1.2608e-05,0.42136,-0.015173,-0.0033829,-0.0019535,-0.0030659,0.10523,-0.0039844,0,0.059678
16.694,0,0,0,1.0528e-05,1.0836e-05,0,1256.4,-0.015456,6.205e-06,7.2517e-06,1.1656e-05,0.44975,-0.015203,-0.0013846,-0.0018224,-0.0029956,0.10544,-0.0041965,0,0.059645
25.733,0,0,0,1.7792e-05,1.9635e-05,0,1071,-0.015473,-1.1635e-05,5.5707e-06,-3.3829e-06,0.62955,-0.015225,0.0051119,-0.0015184,2.4605e-05,0.10599,-0.0047326,-2.068e-25,0.059548
38.355,0,0,0,2.9391e-05,3.2446e-05,0,1259.4,-0.015532,-3.504e-05,5.1541e-06,-3.8378e-05,0.73653,-0.015287,0.010672,-0.0013275,0.005117,0.10637,-0.0051067,0,0.059471
43.434,0,0,0,3.4043e-05,3.7591e-05,0,1335.4,-0.015552,-4.4419e-05,5.0135e-06,-5.2472e-05,0.77919,-0.015306,0.012896,-0.0012582,0.0071658,0.10652,-0.0052577,0,0.05944
49.408,0,0,0,2.9895e-05,3.2779e-05,0,2325,-0.015927,-6.5912e-05,4.9453e-06,-3.6485e-05,0.57435,-0.015668,0.012678,-0.0009513,0.0052647,0.10705,-0.0057715,0,0.059323
56.436,0,0,0,4.1081e-05,4.4224e-05,0,2348.3,-0.01615,-8.4471e-05,4.4637e-06,-4.0426e-06,0.65815,-0.01589,0.015835,-0.00083962,0.001479,0.10757,-0.006275,0,0.059198
63.76,0,0,0,5.9264e-05,6.3496e-05,0,1915.1,-0.016099,-0.00010101,4.2511e-06,-1.6861e-05,0.87383,-0.015845,0.021465,-0.00087859,0.0031285,0.10793,-0.0066253,0,0.059104
96.336,0,0,0,0.00013759,0.00014412,0,1248.9,-0.015972,-0.00013721,3.5735e-06,-5.3522e-05,1.6372,-0.015721,0.037068,-0.00090973,0.010993,0.10808,-0.0067688,0,0.059065
99.344,0,0,0,0.00014513,0.00015152,0,1211.4,-0.015994,-0.00014294,3.6274e-06,-5.7171e-05,1.7157,-0.015746,0.039475,-0.00093904,0.012281,0.10821,-0.0068917,0,0.059029
107.9,0,0,0,0.00016655,0.00017268,0,1100.8,-0.016027,-0.00015924,3.4441e-06,-6.7713e-05,1.9425,-0.015776,0.046415,-0.00093903,0.016026,0.10859,-0.0072542,0,0.058924
150.77,0,0,0,0.00020579,0.00021134,0,1243.2,-0.016105,-0.00021371,3.2693e-06,-0.00010957,2.0511,-0.015853,0.057497,-0.00085475,0.023156,0.10909,-0.007731,0,0.058774
166.63,0,0,0,0.00019033,0.00019564,0,1996.4,-0.016575,-0.00023333,3.323e-06,-8.9073e-05,1.5638,-0.016325,0.048677,-0.00068473,0.017731,0.10958,-0.0081992,0,0.058615
164.47,0,0,0,0.0002005,0.00020583,0,1971,-0.016596,-0.00023441,3.2629e-06,-8.6101e-05,1.625,-0.01635,0.049582,-0.00067729,0.017726,0.10973,-0.0083414,0,0.058564
159.54,0,0,0,0.00022303,0.00022844,0,1914.2,-0.016635,-0.00023666,3.2223e-06,-7.9377e-05,1.7611,-0.016392,0.051566,-0.00068088,0.017697,0.11007,-0.0086595,0,0.058451
176.36,0,0,0,0.00030313,0.00030824,0,1146,-0.016339,-0.00026267,2.8535e-06,-0.00012369,2.61,-0.016105,0.074537,-0.00077319,0.031368,0.11055,-0.0091114,0,0.058279
198.62,0,0,0,0.00031445,0.00031929,0,1150.6,-0.01628,-0.00027907,2.6286e-06,-0.00013822,2.6504,-0.016051,0.078484,-0.0007125,0.034424,0.11076,-0.0092999,0,0.058203
228.67,0,0,0,0.00032954,0.00033405,0,1156.7,-0.016185,-0.0003011,2.5175e-06,-0.00015783,2.7042,-0.01596,0.083775,-0.0006846,0.038541,0.11103,-0.0095553,0,0.058101
238.78,0,0,0,0.0003256,0.00033012,0,1404.4,-0.016354,-0.00031187,2.61e-06,-0.00015431,2.4737,-0.016132,0.079177,-0.00064822,0.035897,0.11124,-0.0097432,0,0.058021
251.97,0,0,0,0.00032025,0.00032482,0,1730.3,-0.016567,-0.00032589,2.74e-06,-0.00014963,2.1698,-0.016345,0.073094,-0.00060818,0.032405,0.1115,-0.0099905,2.068e-25,0.057916
226.68,0,0,0,0.00034121,0.00034575,0,1581.4,-0.016848,-0.00032646,2.474e-06,-0.00014457,2.4189,-0.016631,0.078555,-0.00058128,0.036214,0.11197,-0.010418,0,0.057724
261.81,0,0,0,0.00037672,0.00038082,0,1325.2,-0.016169,-0.00035031,2.3991e-06,-0.00019742,2.697,-0.015968,0.091541,-0.0006075,0.046864,0.1124,-0.010803,0,0.057543
265.07,0,0,0,0.00038001,0.00038407,0,1301.4,-0.016105,-0.00035252,2.3773e-06,-0.00020233,2.7227,-0.015905,0.092744,-0.00060678,0.047852,0.11244,-0.010839,0,0.057527
290.93,0,0,0,0.00037694,0.00038095,0,1816.7,-0.016202,-0.00037375,2.364e-06,-0.00019884,2.2882,-0.016011,0.081736,-0.00050914,0.042113,0.1129,-0.011253,0,0.057324
289.14,0,0,0,0.00037846,0.00038248,0,1802.4,-0.016206,-0.0003734,2.35e-06,-0.00019842,2.31,-0.016015,0.082172,-0.0005088,0.042473,0.11293,-0.01128,0,0.05731
264.12,0,0,0,0.00039952,0.00040358,0,1603.9,-0.016247,-0.00036845,2.3316e-06,-0.00019247,2.6125,-0.01606,0.088217,-0.00054609,0.047476,0.11336,-0.01166,0,0.057113
301.29,0,0,0,0.00042729,0.00043079,0,1272.1,-0.015227,-0.00037994,2.2163e-06,-0.00024189,2.9255,-0.015054,0.10126,-0.00057158,0.059424,0.11381,-0.01206,0,0.056897
331.18,0,0,0,0.00042387,0.00042706,0,1689,-0.015031,-0.0003967,2.1022e-06,-0.00024759,2.5231,-0.014871,0.090704,-0.00046839,0.054299,0.11423,-0.012424,0,0.056692
333.62,0,0,0,0.00042358,0.00042674,0,1723.3,-0.015015,-0.00039807,2.1117e-06,-0.00024806,2.49,-0.014855,0.089835,-0.0004647,0.053876,0.11426,-0.012454,0,0.056675
305.87,0,0,0,0.0004406,0.00044377,0,1477.7,-0.014595,-0.00038643,2.018e-06,-0.00024102,2.8811,-0.014446,0.097168,-0.00049465,0.061029,0.11471,-0.012842,0,0.056449
318.91,0,0,0,0.00044426,0.00044728,0,1304.4,-0.013963,-0.00038656,1.9256e-06,-0.0002556,3.043,-0.01382,0.10336,-0.00049999,0.066496,0.11491,-0.013013,0,0.056344
334.87,0,0,0,0.00044867,0.00045152,0,1091.3,-0.013178,-0.00038664,1.9373e-06,-0.0002735,3.2418,-0.01304,0.11095,-0.00053988,0.073208,0.11516,-0.013223,2.068e-25,0.056215
355.98,0,0,0,0.00043666,0.0004395,0,1352.9,-0.013295,-0.00040501,1.9477e-06,-0.00027063,2.8518,-0.013163,0.10175,-0.00048623,0.067919,0.1156,-0.013597,-2.068e-25,0.055977
351.12,0,0,0,0.00043729,0.00044019,0,1470.8,-0.013237,-0.00041611,1.8544e-06,-0.00028702,2.7334,-0.01311,0.10042,-0.00044253,0.0683,0.11585,-0.013801,0,0.055842
347.12,0,0,0,0.00043773,0.00044067,0,1566.2,-0.013184,-0.00042502,1.8725e-06,-0.00030024,2.6374,-0.01306,0.099324,-0.00043118,0.068597,0.11605,-0.013966,0,0.055734
342.27,0,0,0,0.00043499,0.00043783,0,1768.7,-0.013073,-0.00043658,1.8575e-06,-0.00031346,2.4725,-0.012955,0.0959,-0.00040249,0.068235,0.11649,-0.01433,0,0.055485
338.72,0,0,0,0.00043728,0.00043991,0,1992.3,-0.012818,-0.00044329,1.8393e-06,-0.00033084,2.3281,-0.012707,0.091409,-0.0003741,0.067758,0.11693,-0.014687,0,0.055229
347.12,0,0,0,0.00044722,0.00044975,0,2219.1,-0.012065,-0.00044021,1.7507e-06,-0.00035223,2.2334,-0.011961,0.087397,-0.00033884,0.067331,0.11728,-0.01497,0,0.055019
349.11,0,0,0,0.00044957,0.00045208,0,2274.9,-0.011873,-0.00043938,1.8496e-06,-0.00035744,2.2099,-0.01177,0.086395,-0.0003523,0.067214,0.11736,-0.01504,0,0.054968
330.77,0,0,0,0.00047376,0.00047612,0,1776.5,-0.010944,-0.00040024,1.6843e-06,-0.00032762,2.7578,-0.01085,0.092565,-0.00038144,0.076129,0.1178,-0.015389,0,0.054702
352.8,0,0,0,0.00047942,0.00048169,0,1189.4,-0.0091233,-0.00038186,1.5857e-06,-0.00034566,3.1999,-0.0090416,0.10513,-0.0004223,0.089979,0.11824,-0.015732,0,0.054428
366.82,0,0,0,0.00047505,0.00047718,0,1286.7,-0.0089714,-0.0003877,1.3913e-06,-0.00034648,3.0597,-0.0088947,0.10147,-0.00035675,0.087918,0.11847,-0.015911,0,0.05428
379.07,0,0,0,0.00047112,0.00047321,0,1372.1,-0.0088336,-0.00039278,1.3864e-06,-0.00034716,2.9363,-0.0087592,0.098244,-0.00034286,0.086096,0.11868,-0.016069,0,0.054149
373.94,0,0,0,0.00047055,0.00047278,0,1486.9,-0.0082343,-0.00040193,1.3806e-06,-0.00037271,2.8112,-0.0081662,0.097012,-0.00032676,0.087838,0.11912,-0.016402,0,0.053865
374.09,0,0,0,0.00046786,0.00047002,0,1514.9,-0.0078991,-0.00040143,1.3602e-06,-0.00037724,2.7762,-0.007834,0.095913,-0.00031899,0.088218,0.11932,-0.016552,0,0.053733
374.2,0,0,0,0.00046462,0.00046673,0,1547.9,-0.0075002,-0.00040078,1.5561e-06,-0.00038252,2.7348,-0.0074368,0.094608,-0.00036048,0.088654,0.11955,-0.016729,0,0.053577
370.26,0,0,0,0.00046156,0.00046355,0,1586.4,-0.0067522,-0.00039679,1.5242e-06,-0.00039067,2.6906,-0.0066952,0.092327,-0.0003483,0.089485,0.11999,-0.01705,0,0.053281
369.63,0,0,0,0.00045917,0.00046106,0,1602.7,-0.0062021,-0.0003926,1.2614e-06,-0.00039711,2.6693,-0.0061513,0.091036,-0.0002871,0.09033,0.1203,-0.017277,0,0.053066
369.36,0,0,0,0.00045821,0.00046007,0,1609,-0.0059856,-0.00039094,1.2506e-06,-0.0003996,2.661,-0.0059366,0.090527,-0.00028404,0.090655,0.12042,-0.017366,0,0.052981
368.7,0,0,0,0.00045723,0.00045905,0,1612.7,-0.0057725,-0.0003892,1.2389e-06,-0.00040112,2.6549,-0.005725,0.089983,-0.00028104,0.090959,0.12054,-0.017448,0,0.052902
366.77,0,0,0,0.00045442,0.00045614,0,1623.2,-0.0051662,-0.00038421,1.4363e-06,-0.00040538,2.6375,-0.0051214,0.088436,-0.00032422,0.091806,0.12086,-0.017678,-4.1359e-25,0.052678
366.43,0,0,0,0.0004519,0.00045357,0,1614.3,-0.0045847,-0.00037862,1.1748e-06,-0.00040844,2.6374,-0.0045457,0.087349,-0.00026626,0.092742,0.12115,-0.017877,0,0.052473
366.21,0,0,0,0.00045055,0.00045219,0,1609.6,-0.0042781,-0.00037566,1.1586e-06,-0.00041001,2.6373,-0.0042412,0.086773,-0.00026296,0.093226,0.1213,-0.017982,0,0.052366
365.27,0,0,0,0.00044855,0.00045016,0,1600.4,-0.0039506,-0.00037129,1.1397e-06,-0.00041098,2.6391,-0.003916,0.086049,-0.00025943,0.093754,0.12147,-0.018099,0,0.052242
363.74,0,0,0,0.00044542,0.00044699,0,1586,-0.0034406,-0.00036449,1.3453e-06,-0.00041243,2.6417,-0.0034077,0.084919,-0.00030719,0.09456,0.12173,-0.018281,0,0.05205
364.27,0,0,0,0.00043792,0.00043939,0,1545,-0.0023696,-0.00035485,1.2913e-06,-0.00041371,2.6547,-0.0023433,0.083463,-0.00029852,0.095964,0.12217,-0.018577,0,0.051729
361.88,0,0,0,0.00043128,0.0004327,0,1500.4,-0.0014867,-0.0003462,1.0588e-06,-0.00040858,2.6742,-0.001467,0.082296,-0.00024915,0.09629,0.12247,-0.01878,0,0.051499
360.85,0,0,0,0.00042848,0.00042988,0,1481.8,-0.0011161,-0.00034256,1.0485e-06,-0.00040642,2.6822,-0.0010984,0.081804,-0.00024834,0.096422,0.1226,-0.018865,0,0.051402
361.26,0,0,0,0.00042429,0.00042569,0,1450.3,-0.00083586,-0.0003397,1.0407e-06,-0.00040372,2.7001,-0.00081976,0.081989,-0.00024935,0.096749,0.12272,-0.018942,0,0.051312
362.31,0,0,0,0.00041293,0.00041432,0,1365.2,-7.6134e-05,-0.00033195,1.1765e-06,-0.0003964,2.7482,-6.2935e-05,0.08248,-0.00028947,0.097622,0.12304,-0.019149,0,0.051069
334.2,0,0,0,0.00039518,0.0003965,0,1179.2,0.00025951,-0.00032096,1.0715e-06,-0.00036784,2.9026,0.00026985,0.08428,-0.00028559,0.10072,0.12348,-0.019428,-2.068e-25,0.050731
316.86,0,0,0,0.00037516,0.00037644,0,1765,0.00098828,-0.00032482,1.0866e-06,-0.00040378,2.4525,0.00099453,0.074796,-0.00024969,0.093524,0.12392,-0.019702,0,0.050389
319.67,0,0,0,0.0003755,0.00037678,0,1843.5,0.0010545,-0.00032405,9.934e-07,-0.00040764,2.3859,0.001059,0.072625,-0.00021928,0.091982,0.12399,-0.019744,0,0.050335
334.51,0,0,0,0.00037709,0.00037846,0,2267.7,0.001428,-0.00031975,1.0181e-06,-0.00042823,2.025,0.0014298,0.060856,-0.00019335,0.083601,0.12436,-0.019968,0,0.05004
321.22,0,0,0,0.00039009,0.0003914,0,1988.3,0.0027088,-0.00030217,9.7423e-07,-0.00044606,2.1984,0.0027046,0.063218,-0.00019817,0.090834,0.1248,-0.020229,0,0.049687
318.62,0,0,0,0.00038534,0.00038661,0,1763.1,0.0037769,-0.00028576,9.2402e-07,-0.00042746,2.3261,0.0037675,0.062639,-0.00019959,0.092514,0.12523,-0.020485,0,0.04933
317.74,0,0,0,0.00038207,0.00038332,0,1559.1,0.0049832,-0.00026591,8.6548e-07,-0.00040589,2.4645,0.0049683,0.061851,-0.00019951,0.093878,0.12568,-0.020734,0,0.048966
319.76,0,0,0,0.00037111,0.00037229,0,1344.9,0.0060369,-0.00024988,8.1249e-07,-0.00038711,2.6266,0.0060171,0.062676,-0.00020204,0.096166,0.12612,-0.020977,0,0.048597
295.57,0,0,0,0.00035921,0.00036026,0,1080.7,0.0065812,-0.00023574,7.2647e-07,-0.00034956,2.8985,0.0065586,0.064198,-0.00020294,0.099742,0.12656,-0.021215,0,0.048223
278.4,0,0,0,0.00034217,0.00034319,0,1447.3,0.0074592,-0.00023211,7.3937e-07,-0.00037059,2.5547,0.0074327,0.057815,-0.00018422,0.093596,0.12699,-0.021438,0,0.047861
277.43,0,0,0,0.00034124,0.00034225,0,1466.7,0.0075075,-0.0002319,8.0088e-07,-0.00037166,2.5364,0.0074818,0.057472,-0.00019827,0.093261,0.12701,-0.02145,0,0.047842
305.14,0,0,0,0.0003253,0.00032636,0,1712.8,0.0081962,-0.00022375,7.7297e-07,-0.00038018,2.1811,0.0081672,0.04878,-0.00016943,0.085286,0.12746,-0.021676,0,0.047454
271.29,0,0,0,0.00032423,0.00032523,0,1260.6,0.0091479,-0.00020898,7.077e-07,-0.00035753,2.5465,0.0091147,0.052921,-0.00018228,0.093738,0.12791,-0.021897,0,0.047059
246.91,0,0,0,0.00030494,0.00030591,0,1592.8,0.010029,-0.00020226,7.0225e-07,-0.00036693,2.2791,0.0099917,0.047628,-0.00016615,0.08758,0.12837,-0.022114,0,0.046658
274.41,0,0,0,0.00029174,0.00029271,0,1806.6,0.010686,-0.00019027,6.6423e-07,-0.00036921,2.0125,0.010646,0.040365,-0.00014184,0.080486,0.12882,-0.022325,0,0.046251
244.29,0,0,0,0.00029535,0.00029627,0,1291.6,0.011587,-0.00017608,6.106e-07,-0.00034289,2.401,0.011543,0.043787,-0.00015531,0.088679,0.12929,-0.022528,0,0.045837
237.27,0,0,0,0.00029006,0.00029097,0,1376.8,0.011843,-0.00017364,6.2119e-07,-0.00034423,2.3335,0.011798,0.042446,-0.0001549,0.08698,0.12943,-0.022587,0,0.045709
220.9,0,0,0,0.00027777,0.00027864,0,1573.6,0.012439,-0.00016797,6.1488e-07,-0.00034724,2.1773,0.012391,0.039341,-0.00014565,0.083034,0.12975,-0.022725,0,0.045415
249.42,0,0,0,0.00026312,0.00026395,0,1722.8,0.01324,-0.00015472,5.9633e-07,-0.00034324,1.9642,0.013189,0.033452,-0.00013121,0.076436,0.13022,-0.022917,0,0.044987
236.3,0,0,0,0.00026507,0.00026587,0,1472.8,0.013674,-0.0001487,5.7293e-07,-0.00032771,2.1714,0.013621,0.035008,-0.00013833,0.079813,0.13043,-0.022998,0,0.044798
219.26,0,0,0,0.00026758,0.00026833,0,1149.3,0.014235,-0.0001409,5.2893e-07,-0.00030758,2.4392,0.014181,0.037017,-0.00014324,0.084173,0.13069,-0.023103,0,0.044552
179.48,0,0,0,0.00024678,0.00024746,0,1140.1,0.014803,-0.00013596,4.9693e-07,-0.00028965,2.3556,0.014746,0.034723,-0.00013576,0.080915,0.13117,-0.02328,0,0.044109
181.91,0,0,0,0.00023658,0.00023727,0,1371.9,0.014937,-0.00013392,5.2976e-07,-0.00029889,2.1614,0.014879,0.032207,-0.00013483,0.077312,0.13132,-0.023332,0,0.043973
187.46,0,0,0,0.00021267,0.00021337,0,1914,0.015253,-0.0001291,5.492e-07,-0.00032042,1.707,0.015194,0.026317,-0.00011628,0.068871,0.13165,-0.023452,0,0.043657
203.24,0,0,0,0.00020572,0.00020641,0,1999,0.016068,-0.00011518,5.3499e-07,-0.00032287,1.6183,0.016006,0.023174,-0.00010922,0.066322,0.13214,-0.023616,0,0.043197
176.39,0,0,0,0.00021916,0.00021976,0,1244.7,0.016956,-0.00010356,4.747e-07,-0.00027417,2.1288,0.01689,0.025543,-0.0001243,0.071827,0.13264,-0.023774,0,0.042729
154.41,0,0,0,0.00020899,0.00020955,0,1159.9,0.017316,-0.0001005,4.5713e-07,-0.00025751,2.1368,0.017248,0.0249,-0.00012358,0.070131,0.13294,-0.023864,0,0.042442
139.86,0,0,0,0.00020226,0.00020279,0,1104,0.017554,-9.8472e-05,4.0808e-07,-0.00024651,2.1419,0.017485,0.024473,-0.00011191,0.069005,0.13314,-0.023923,0,0.042253
134.79,0,0,0,0.0001615,0.00016201,0,1499.6,0.017891,-9.3541e-05,3.9336e-07,-0.00024759,1.6408,0.017821,0.019309,-9.2242e-05,0.059719,0.13364,-0.024065,0,0.041768
134.31,0,0,0,0.00015838,0.00015889,0,1597.2,0.017947,-9.2331e-05,4.3768e-07,-0.00025012,1.5919,0.017877,0.018783,-0.00010096,0.058838,0.1337,-0.02408,0,0.041712
130.13,0,0,0,0.00013384,0.00013434,0,2360.4,0.018391,-8.28e-05,4.5412e-07,-0.00026971,1.2085,0.018318,0.014657,-8.5994e-05,0.051894,0.13415,-0.024198,0,0.041275
137.81,0,0,0,0.00013093,0.00013144,0,2338.7,0.01897,-6.7819e-05,4.4091e-07,-0.00025428,1.203,0.018896,0.012045,-8.3702e-05,0.048504,0.13467,-0.024323,0,0.040771
122.53,0,0,0,0.00015523,0.00015572,0,1596.8,0.019425,-5.9832e-05,4.067e-07,-0.00021914,1.6336,0.019348,0.012721,-9.5756e-05,0.051286,0.13507,-0.024411,0,0.040385
117.42,0,0,0,0.00016323,0.00016372,0,1351.8,0.019575,-5.7189e-05,3.1207e-07,-0.00020751,1.7757,0.019498,0.012942,-7.7558e-05,0.052197,0.1352,-0.02444,0,0.040257
89.953,0,0,0,0.0001633,0.00016371,0,1088.8,0.020042,-5.1961e-05,2.888e-07,-0.00017617,1.9213,0.019963,0.012034,-7.8558e-05,0.049239,0.13573,-0.024548,0,0.039732
83.943,0,0,0,0.00012686,0.00012721,0,1270.7,0.020383,-4.5458e-05,2.7275e-07,-0.00016129,1.5618,0.020303,0.0090958,-6.8377e-05,0.041765,0.13628,-0.024645,0,0.039196
81.077,0,0,0,0.00012042,0.00012076,0,1319.3,0.020474,-4.3632e-05,3.4368e-07,-0.00015856,1.4949,0.020393,0.0085603,-8.6262e-05,0.040336,0.13642,-0.024668,0,0.039053
72.851,0,0,0,0.00010228,0.00010258,0,1456,0.020729,-3.8481e-05,3.341e-07,-0.00015081,1.3065,0.020647,0.0070509,-7.9557e-05,0.0363,0.13683,-0.024731,0,0.038651
61.709,0,0,0,8.1375e-05,8.163e-05,0,1645.5,0.021024,-3.2123e-05,3.156e-07,-0.00013433,1.0942,0.02094,0.0052232,-7.0567e-05,0.03034,0.13738,-0.024806,0,0.038103
51.311,0,0,0,6.2965e-05,6.3167e-05,0,1861.6,0.021269,-2.6328e-05,2.9407e-07,-0.00011642,0.90416,0.021183,0.0037496,-6.1735e-05,0.024673,0.13793,-0.024869,0,0.037557
41.929,0,0,0,4.5842e-05,4.5998e-05,0,2195.6,0.021464,-2.1931e-05,2.6957e-07,-9.7539e-05,0.71158,0.021377,0.0025936,-5.219e-05,0.019041,0.13847,-0.024918,0,0.03702
34.98,0,0,0,2.8892e-05,2.9004e-05,0,3023.6,0.021626,-1.8365e-05,2.5334e-07,-7.9563e-05,0.48889,0.021538,0.0017723,-4.2172e-05,0.01337,0.139,-0.024955,0,0.036496
28.246,0,0,0,2.3367e-05,2.3472e-05,0,2705.5,0.021734,-1.6108e-05,2.3587e-07,-5.5737e-05,0.48213,0.021645,0.0015001,-4.2446e-05,0.0096355,0.13951,-0.024979,0,0.035987
19.043,0,0,0,6.1483e-05,6.1675e-05,0,1338.5,0.021794,-1.7467e-05,2.1785e-07,-3.0249e-05,1.1054,0.021705,0.0023208,-5.6332e-05,0.007199,0.14,-0.024993,0,0.03549
13.463,0,0,0,8.8924e-05,8.9139e-05,0,974.62,0.021819,-1.9183e-05,2.0757e-07,-1.1881e-05,1.5135,0.021729,0.002932,-6.1399e-05,0.0032644,0.14041,-0.024999,0,0.035081
12.29,0,0,0,9.4366e-05,9.4587e-05,0,902.33,0.021824,-1.9527e-05,1.4481e-07,-8.2184e-06,1.5944,0.021734,0.0030543,-4.2115e-05,0.0024786,0.14049,-0.025,0,0.035
10.959,0,0,0,5.6382e-05,5.6475e-05,0,1337.9,0.021815,-1.7456e-05,1.2335e-07,1.2877e-05,1.0524,0.021725,0.002259,-3.1306e-05,-0.0027446,0.14098,-0.024993,0,0.03451
17.131,0,0,0,1.8716e-05,1.8735e-05,0,2705,0.021785,-1.5317e-05,1.0854e-07,3.4641e-05,0.43104,0.021694,0.0013803,-1.9417e-05,-0.0058596,0.14148,-0.024979,0,0.034013
25.747,0,0,0,2.3991e-05,2.4035e-05,0,3023.4,0.02171,-1.6085e-05,1.0033e-07,5.6269e-05,0.44532,0.021619,0.001449,-1.6288e-05,-0.0094608,0.14199,-0.024955,0,0.033504
32.528,0,0,0,3.8157e-05,3.8229e-05,0,2195.3,0.021585,-1.8082e-05,9.0257e-08,7.4311e-05,0.64918,0.021494,0.0020365,-1.6981e-05,-0.014503,0.14252,-0.024918,0,0.03298
40.87,0,0,0,5.1942e-05,5.2045e-05,0,1860.6,0.021431,-2.1483e-05,8.1904e-08,9.1821e-05,0.82122,0.02134,0.00297,-1.669e-05,-0.019465,0.14306,-0.024869,0,0.032443
49.824,0,0,0,6.6285e-05,6.6422e-05,0,1643.6,0.021238,-2.615e-05,7.4127e-08,0.000108,0.98774,0.021148,0.0041815,-1.6086e-05,-0.024396,0.1436,-0.024806,0,0.031897
59.191,0,0,0,8.219e-05,8.2368e-05,0,1453.5,0.021009,-3.1229e-05,6.7327e-08,0.00012242,1.1713,0.02092,0.0056751,-1.5545e-05,-0.029466,0.14416,-0.024731,0,0.031349
68.426,0,0,0,0.00010085,0.0001011,0,1267.7,0.020746,-3.6879e-05,6.1892e-08,0.00013158,1.3925,0.020657,0.0073513,-1.5291e-05,-0.034059,0.14471,-0.024645,0,0.030804
69.015,0,0,0,0.00010396,0.00010421,0,1247.5,0.020718,-3.7448e-05,1.5738e-07,0.00013294,1.4273,0.020629,0.0076137,-4.0734e-05,-0.034737,0.14477,-0.024634,0,0.030745
73.406,0,0,0,0.00012892,0.00012926,0,1084.7,0.020488,-4.2029e-05,1.5809e-07,0.00014393,1.7071,0.0204,0.0097271,-4.3976e-05,-0.040209,0.14525,-0.024548,0,0.030268
95.788,0,0,0,0.00012384,0.0001242,0,1346.5,0.020147,-4.5992e-05,1.5807e-07,0.00016967,1.5488,0.02006,0.010453,-4.0352e-05,-0.042657,0.14579,-0.02444,0,0.029743
111.98,0,0,0,9.264e-05,9.2949e-05,0,2333.1,0.019718,-5.412e-05,1.5756e-07,0.00020708,1.013,0.019632,0.0096943,-3.0269e-05,-0.039506,0.14632,-0.024323,0,0.029229
105.95,0,0,0,9.4427e-05,9.4747e-05,0,2352.7,0.019355,-6.459e-05,1.5064e-07,0.00021714,1.0167,0.01927,0.011505,-2.8577e-05,-0.041712,0.14678,-0.024213,0,0.028784
105.12,0,0,0,9.4658e-05,9.4975e-05,0,2355.3,0.019307,-6.5971e-05,6.6513e-08,0.00021847,1.0171,0.019223,0.011744,-1.2675e-05,-0.042002,0.14684,-0.024198,0,0.028725
108.5,0,0,0,0.00011759,0.00011796,0,1495.2,0.018951,-7.46e-05,7.4305e-08,0.00020023,1.3998,0.018868,0.015439,-1.7451e-05,-0.048232,0.14735,-0.024065,1.034e-25,0.028232
112.03,0,0,0,0.00015138,0.00015183,0,1098.8,0.018713,-7.7913e-05,8.4446e-08,0.00019883,1.8523,0.018631,0.019468,-2.3199e-05,-0.055555,0.14785,-0.023924,0,0.027747
129.48,0,0,0,0.00015663,0.00015712,0,1182.6,0.018471,-7.9885e-05,1.4304e-07,0.00021156,1.8342,0.01839,0.019914,-3.8488e-05,-0.056757,0.14815,-0.023834,-2.068e-25,0.027459
140.86,0,0,0,0.00016005,0.00016057,0,1237.5,0.018312,-8.1171e-05,1.4454e-07,0.00021987,1.8224,0.018232,0.020204,-3.8126e-05,-0.057542,0.14835,-0.023774,0,0.027271
161.35,0,0,0,0.00014143,0.00014199,0,1990.4,0.017729,-8.941e-05,1.5864e-07,0.00025664,1.3434,0.017651,0.018183,-3.2449e-05,-0.052696,0.14885,-0.023616,0,0.026803
152.66,0,0,0,0.00014402,0.00014459,0,1936.6,0.017396,-9.6073e-05,1.6401e-07,0.00025441,1.3876,0.01732,0.019677,-3.4449e-05,-0.053733,0.14915,-0.023513,0,0.026514
147.49,0,0,0,0.00014553,0.0001461,0,1904.9,0.0172,-9.9988e-05,1.0527e-07,0.00025309,1.4136,0.017125,0.020554,-2.233e-05,-0.054339,0.14933,-0.023452,0,0.026343
140.51,0,0,0,0.00017466,0.00017529,0,1130.9,0.016911,-0.00010535,1.1401e-07,0.00022824,1.983,0.016837,0.027062,-3.1431e-05,-0.063682,0.14982,-0.02328,0,0.025892
171.2,0,0,0,0.00018724,0.00018795,0,1139.9,0.016554,-0.00010854,1.2517e-07,0.00024118,2.0431,0.016481,0.0287,-3.4063e-05,-0.065929,0.1503,-0.023103,0,0.025448
192.11,0,0,0,0.00017681,0.00017757,0,1670.9,0.015977,-0.00011751,1.8429e-07,0.00026519,1.6392,0.015908,0.025954,-4.1274e-05,-0.059871,0.15073,-0.02293,0,0.025044
193.75,0,0,0,0.00017599,0.00017675,0,1712.6,0.015932,-0.00011822,1.8541e-07,0.00026708,1.6074,0.015863,0.025737,-4.0872e-05,-0.059394,0.15077,-0.022917,0,0.025013
170.13,0,0,0,0.00018541,0.00018621,0,1562.6,0.015444,-0.00012762,1.9468e-07,0.00026919,1.7803,0.015378,0.030122,-4.6373e-05,-0.064252,0.15124,-0.022725,0,0.024585
187.14,0,0,0,0.00019614,0.000197,0,1287.8,0.014938,-0.00013321,2.0356e-07,0.00026452,1.9543,0.014874,0.033295,-5.1811e-05,-0.068183,0.15169,-0.022533,0,0.024175
187.59,0,0,0,0.00019644,0.00019729,0,1279.7,0.014923,-0.00013337,1.6666e-07,0.00026436,1.9594,0.014859,0.033387,-4.2522e-05,-0.068295,0.1517,-0.022528,0,0.024163
209.63,0,0,0,0.00018832,0.00018923,0,1794.2,0.014381,-0.00014322,1.8514e-07,0.00028222,1.6177,0.01432,0.030558,-3.9472e-05,-0.061451,0.15216,-0.022325,0,0.023749
187.17,0,0,0,0.00019763,0.00019859,0,1579.9,0.014001,-0.00015161,2.121e-07,0.00027986,1.837,0.013942,0.035956,-5.0714e-05,-0.066679,0.15262,-0.022114,0,0.023342
192.26,0,0,0,0.00020124,0.00020224,0,1486.6,0.013855,-0.0001529,2.38e-07,0.00027749,1.8976,0.013797,0.037034,-5.7632e-05,-0.067909,0.15275,-0.022053,0,0.02323
205.24,0,0,0,0.00021051,0.00021155,0,1246.2,0.01348,-0.00015619,2.3885e-07,0.00027132,2.0535,0.013425,0.039804,-6.1643e-05,-0.071066,0.15308,-0.021897,0,0.022941
229.74,0,0,0,0.00020584,0.00020693,0,1696.9,0.012929,-0.00016629,2.6584e-07,0.00028587,1.7365,0.012877,0.036425,-5.8547e-05,-0.064095,0.15353,-0.021675,0,0.022547
207.72,0,0,0,0.0002171,0.00021825,0,1450.8,0.01255,-0.00017222,2.6999e-07,0.00027936,2.0262,0.012502,0.042903,-6.7142e-05,-0.070045,0.15398,-0.021449,0,0.022158
221.13,0,0,0,0.00022971,0.00023092,0,1065.3,0.012019,-0.00017513,2.7477e-07,0.00026233,2.3186,0.011974,0.047831,-7.6714e-05,-0.074763,0.15443,-0.021215,0,0.021777
238.23,0,0,0,0.00023516,0.00023644,0,1328.8,0.011708,-0.00018435,3.193e-07,0.00028936,2.0906,0.011666,0.046431,-7.9184e-05,-0.071742,0.15487,-0.020977,0,0.021403
235.63,0,0,0,0.0002391,0.00024046,0,1542.1,0.01111,-0.00019516,3.5395e-07,0.00030198,1.9497,0.011072,0.045598,-8.1326e-05,-0.069725,0.15531,-0.020734,0,0.021034
235.24,0,0,0,0.00023745,0.00023886,0,1744.8,0.010421,-0.00020881,3.8994e-07,0.0003164,1.8262,0.010388,0.045987,-8.4064e-05,-0.068375,0.15575,-0.020485,0,0.02067
236.01,0,0,0,0.00023583,0.00023734,0,1967.9,0.0098155,-0.00021988,4.225e-07,0.0003282,1.7104,0.009787,0.046233,-8.5896e-05,-0.066795,0.15619,-0.020228,0,0.020313
245.33,0,0,0,0.00022134,0.00022291,0,2247.2,0.0090866,-0.00023286,4.571e-07,0.00031249,1.5522,0.0090635,0.044372,-8.6767e-05,-0.061077,0.15663,-0.019968,0,0.01996
232.43,0,0,0,0.00022607,0.0002276,0,1746.7,0.0088429,-0.00023783,4.4629e-07,0.00029594,1.9102,0.0088226,0.054887,-0.0001009,-0.068616,0.15707,-0.019702,0,0.019611
