"Co","U:0","U:1","U:2","UMean:0","UMean:1","UMean:2","k","kMean","nut","omega","p","pMean","wallShearStress:0","wallShearStress:1","wallShearStress:2","yPlus","arc_length","Points:0","Points:1","Points:2"
14.566,-0.0040516,1.1185e-06,0.0040429,0,0,0,8.7411e-06,1.6052e-05,0,1148.6,-0.01681,-0.012979,1.7679e-05,-3.5247e-09,-1.8297e-05,0.42976,0,-0.0045043,0,0.10041
14.445,-0.0057338,1.7923e-07,0.0046607,0,0,0,8.6632e-06,1.5205e-05,0,1255.9,-0.01676,-0.012904,2.0573e-05,-7.1353e-10,-2.2094e-05,0.40806,0.0003136,-0.0041957,0,0.10035
17.145,-0.0086814,-2.2793e-06,0.0033807,0,0,0,7.5014e-06,1.2257e-05,0,1443.6,-0.016607,-0.012789,3.3665e-05,9.3517e-09,-1.6411e-05,0.3538,0.00086514,-0.0036509,0,0.10027
17.623,-0.0094145,-6.54e-06,0.0022351,0,0,0,5.787e-06,9.9891e-06,0,1635.7,-0.016462,-0.012715,4.0392e-05,3.0966e-08,-1.196e-05,0.29184,0.0014186,-0.0031026,0,0.10019
17.202,-0.0092021,-1.125e-05,0.0013965,0,0,0,4.6432e-06,8.752e-06,0,1856.4,-0.016364,-0.012663,4.3038e-05,5.5866e-08,-7.9536e-06,0.24556,0.0019679,-0.0025569,0,0.10013
17.223,-0.0089234,-1.3948e-05,0.00095455,0,0,0,3.9997e-06,7.6424e-06,0,2194.9,-0.016296,-0.012617,4.5859e-05,7.3759e-08,-5.8356e-06,0.21013,0.002507,-0.00202,0,0.10008
19.175,-0.0084472,-1.536e-05,0.00052508,0,0,0,3.3232e-06,6.2152e-06,0,3026,-0.016234,-0.012582,5.0792e-05,9.4519e-08,-2.7678e-06,0.16572,0.0030319,-0.0014964,0,0.10005
24.955,-0.0087059,-2.1572e-05,0.00031791,0,0,0,3.8593e-06,6.5429e-06,0,2706.5,-0.016178,-0.012542,4.9242e-05,1.1914e-07,-1.4232e-06,0.19691,0.0035416,-0.00098722,0,0.10002
23.148,-0.01006,-3.3231e-05,0.00069944,0,0,0,7.2759e-06,1.0199e-05,0,1332.3,-0.016128,-0.012491,4.0567e-05,1.3256e-07,-3.0492e-06,0.38379,0.0040389,-0.00049017,0,0.10001
18.159,-0.010477,-3.7514e-05,0.00091529,0,0,0,9.1828e-06,1.1199e-05,0,970.05,-0.016101,-0.012469,3.6185e-05,1.316e-07,-4.3472e-06,0.48631,0.0044421,-8.7001e-05,0,0.1
17.083,-0.010567,-3.8438e-05,0.00096186,0,0,0,9.5942e-06,1.1415e-05,0,891.89,-0.016095,-0.012465,3.524e-05,1.3139e-07,-4.6273e-06,0.50843,0.0045291,-1.9138e-08,4.1359e-25,0.1
21.533,-0.0094,-3.3354e-05,0.00071411,0,0,0,6.4365e-06,8.0249e-06,0,1332.2,-0.016066,-0.012459,3.6435e-05,1.3248e-07,-5.1094e-06,0.35987,0.0050193,0.00049014,0,0.10001
20.006,-0.0067561,-2.4054e-05,0.00035992,0,0,0,2.2668e-06,5.2112e-06,0,2706.4,-0.016036,-0.012469,3.6196e-05,1.3223e-07,-4.6519e-06,0.15056,0.0055165,0.00098719,0,0.10002
13.522,-0.0056217,-2.0283e-05,-4.2037e-05,0,0,0,1.3497e-06,5.5476e-06,0,3025.8,-0.016016,-0.012495,3.3322e-05,1.2262e-07,-1.4345e-06,0.10563,0.0060263,0.0014964,0,0.10005
13.854,-0.0065644,-2.3554e-05,-0.00048492,0,0,0,1.8088e-06,7.6101e-06,0,2194.6,-0.016,-0.012502,3.3495e-05,1.2266e-07,3.1889e-06,0.14131,0.0065512,0.00202,0,0.10008
16.103,-0.0077799,-2.6842e-05,-0.0010147,0,0,0,2.6087e-06,9.3555e-06,0,1856.1,-0.015987,-0.012484,3.6426e-05,1.2932e-07,6.4365e-06,0.18359,0.0070904,0.0025569,0,0.10013
19.159,-0.0094182,-3.1107e-05,-0.0016944,0,0,0,3.9705e-06,1.0638e-05,0,1635.5,-0.015969,-0.012443,4.1442e-05,1.4084e-07,9.8742e-06,0.24121,0.0076397,0.0031026,0,0.10019
22.131,-0.011051,-3.6761e-05,-0.0023114,0,0,0,5.6378e-06,1.1272e-05,0,1443.4,-0.015941,-0.012387,4.6046e-05,1.5656e-07,1.2085e-05,0.30661,0.0081931,0.0036509,0,0.10027
23.987,-0.012443,-4.2824e-05,-0.0026697,0,0,0,7.0193e-06,1.1376e-05,0,1255.7,-0.015906,-0.012329,4.8841e-05,1.7025e-07,1.2311e-05,0.36745,0.0087447,0.0041957,0,0.10035
22.936,-0.013504,-4.7167e-05,-0.0027504,0,0,0,7.6669e-06,1.1002e-05,0,1069.3,-0.015879,-0.012287,4.9455e-05,1.7343e-07,1.0015e-05,0.41628,0.0092898,0.0047322,0,0.10045
26.893,-0.012845,-4.497e-05,-0.0025049,0,0,0,6.3721e-06,9.1541e-06,0,1288.4,-0.015852,-0.012262,5.0729e-05,1.7815e-07,8.7587e-06,0.35639,0.0097368,0.00517,0,0.10054
27.683,-0.012713,-4.4531e-05,-0.0024559,0,0,0,6.1135e-06,8.7849e-06,0,1332.2,-0.015847,-0.012257,5.0984e-05,1.7909e-07,8.5077e-06,0.34442,0.009826,0.0052574,0,0.10056
28.697,-0.0098731,-3.3743e-05,-0.0019891,0,0,0,3.6118e-06,6.0204e-06,0,2322.8,-0.015808,-0.012236,5.1417e-05,1.7617e-07,8.3174e-06,0.20083,0.010353,0.0057713,0,0.10068
27.17,-0.0096538,-3.3279e-05,-0.0020235,0,0,0,3.5393e-06,5.9346e-06,0,2327.9,-0.015798,-0.012232,5.043e-05,1.7427e-07,8.5692e-06,0.19836,0.010471,0.005886,-2.068e-25,0.10071
21.996,-0.0089106,-3.1709e-05,-0.0021397,0,0,0,3.2938e-06,5.6439e-06,0,2345,-0.015764,-0.012216,4.7082e-05,1.6785e-07,9.4225e-06,0.18998,0.010872,0.0062746,0,0.1008
19.985,-0.0095383,-3.9699e-05,-0.0025091,0,0,0,3.9205e-06,6.296e-06,0,1481.3,-0.015719,-0.012186,4.0735e-05,1.6992e-07,1.0025e-05,0.25511,0.011383,0.0067681,0,0.10093
18.05,-0.0096012,-4.3976e-05,-0.0025771,0,0,0,4.0297e-06,6.5494e-06,0,1116.7,-0.015699,-0.012167,3.5892e-05,1.6288e-07,8.1287e-06,0.29773,0.011841,0.007208,0,0.10106
17.853,-0.0096076,-4.4413e-05,-0.0025841,0,0,0,4.0409e-06,6.5752e-06,0,1079.5,-0.015696,-0.012165,3.5398e-05,1.6217e-07,7.9351e-06,0.30208,0.011888,0.0072529,0,0.10108
20.601,-0.0087569,-4.2346e-05,-0.0024081,0,0,0,3.2086e-06,5.9641e-06,0,1217.4,-0.015677,-0.012151,3.3646e-05,1.6167e-07,7.6702e-06,0.25898,0.012387,0.0077294,0,0.10123
21.057,-0.006602,-3.3089e-05,-0.0018931,0,0,0,1.873e-06,4.8149e-06,0,1973.9,-0.015659,-0.012144,3.2011e-05,1.5986e-07,7.303e-06,0.15531,0.012881,0.0081971,0,0.10138
19.543,-0.006417,-3.2832e-05,-0.0019007,0,0,0,1.848e-06,4.8811e-06,0,1946.9,-0.015654,-0.012141,3.0898e-05,1.577e-07,7.3588e-06,0.15611,0.013037,0.0083438,0,0.10144
16.311,-0.0060219,-3.2284e-05,-0.0019172,0,0,0,1.7947e-06,5.0226e-06,0,1889.1,-0.015642,-0.012135,2.8521e-05,1.5311e-07,7.478e-06,0.15782,0.013369,0.0086569,0,0.10155
14.703,-0.0069237,-3.9195e-05,-0.0024533,0,0,0,2.4465e-06,6.0731e-06,0,1110.9,-0.015627,-0.012123,2.5488e-05,1.4681e-07,8.1611e-06,0.23451,0.013852,0.0091085,0,0.10172
17.064,-0.0066787,-3.8801e-05,-0.0025256,0,0,0,2.2781e-06,6.0277e-06,0,1118,-0.015617,-0.012116,2.4511e-05,1.4478e-07,8.7166e-06,0.22611,0.014289,0.0095141,0,0.10188
17.287,-0.0066556,-3.8764e-05,-0.0025324,0,0,0,2.2622e-06,6.0234e-06,0,1118.6,-0.015616,-0.012115,2.4419e-05,1.4459e-07,8.7691e-06,0.22531,0.01433,0.0095524,0,0.1019
17.874,-0.0052465,-3.1238e-05,-0.0020041,0,0,0,1.4771e-06,5.1605e-06,0,1694.7,-0.01561,-0.012113,2.3703e-05,1.4151e-07,8.1471e-06,0.14764,0.014803,0.0099875,0,0.10208
14.349,-0.0052507,-3.1031e-05,-0.0021415,0,0,0,1.5835e-06,5.4397e-06,0,1542.7,-0.015607,-0.012113,2.2355e-05,1.3191e-07,7.5487e-06,0.16568,0.015272,0.010416,0,0.10227
15.162,-0.0054686,-3.272e-05,-0.0023743,0,0,0,1.6938e-06,5.6331e-06,0,1407.4,-0.015601,-0.012107,2.2166e-05,1.3412e-07,8.8757e-06,0.17665,0.015492,0.010614,0,0.10237
16.073,-0.0057127,-3.4612e-05,-0.0026352,0,0,0,1.8173e-06,5.8497e-06,0,1255.9,-0.015594,-0.0121,2.1954e-05,1.3659e-07,1.0362e-05,0.18893,0.015737,0.010837,0,0.10247
16.803,-0.004633,-2.9114e-05,-0.0021641,0,0,0,1.3153e-06,5.3164e-06,0,1770.8,-0.015592,-0.012096,2.1366e-05,1.3483e-07,9.6215e-06,0.13557,0.016199,0.011251,0,0.10267
14.607,-0.004916,-2.991e-05,-0.0023839,0,0,0,1.6133e-06,5.8243e-06,0,1555.2,-0.015592,-0.012097,2.0865e-05,1.2674e-07,8.8091e-06,0.16758,0.016658,0.011658,0,0.10289
16.788,-0.0055923,-3.4624e-05,-0.0030835,0,0,0,2.0216e-06,6.4058e-06,0,1218.9,-0.015582,-0.012087,2.0888e-05,1.3597e-07,1.2335e-05,0.20177,0.017113,0.012059,0,0.1031
18.063,-0.0046896,-2.9731e-05,-0.0026486,0,0,0,1.621e-06,5.8873e-06,0,1669.9,-0.015581,-0.012084,2.0756e-05,1.3558e-07,1.1981e-05,0.15458,0.017566,0.012453,4.1359e-25,0.10333
16.926,-0.0052043,-3.0859e-05,-0.0030565,0,0,0,2.2122e-06,6.5834e-06,0,1423.3,-0.015583,-0.012082,2.0765e-05,1.2487e-07,1.1318e-05,0.20692,0.018015,0.012842,0,0.10355
19.504,-0.006248,-3.7009e-05,-0.004123,0,0,0,3.0623e-06,7.5502e-06,0,1037,-0.015572,-0.012069,2.1143e-05,1.3391e-07,1.5786e-05,0.26768,0.018462,0.013222,0,0.10379
20.795,-0.0056316,-3.2852e-05,-0.0038073,0,0,0,2.5501e-06,6.6952e-06,0,1301.7,-0.015578,-0.012069,2.2051e-05,1.3277e-07,1.5328e-05,0.21788,0.018906,0.013597,0,0.10402
20.323,-0.0055101,-3.0024e-05,-0.0038754,0,0,0,2.3737e-06,6.2066e-06,0,1516.2,-0.01558,-0.012069,2.3078e-05,1.3301e-07,1.7431e-05,0.19316,0.019348,0.013966,0,0.10427
20.641,-0.0054885,-2.7665e-05,-0.0040034,0,0,0,2.346e-06,6.0071e-06,0,1720,-0.015583,-0.012073,2.4425e-05,1.2978e-07,1.8934e-05,0.1813,0.019788,0.01433,0,0.10452
21.07,-0.0054154,-2.5178e-05,-0.0041467,0,0,0,2.3143e-06,5.801e-06,0,1942.7,-0.015583,-0.012069,2.5607e-05,1.2584e-07,2.0912e-05,0.16848,0.020228,0.014687,0,0.10477
22.608,-0.0053021,-2.4169e-05,-0.0042702,0,0,0,2.5798e-06,6.1269e-06,0,2220.5,-0.015579,-0.012053,2.6142e-05,1.2741e-07,2.3604e-05,0.16752,0.020667,0.01504,0,0.10503
24.377,-0.0063405,-2.8681e-05,-0.0053584,0,0,0,4.1763e-06,7.7795e-06,0,1717.9,-0.015578,-0.01205,2.6621e-05,1.2315e-07,2.2896e-05,0.26364,0.021106,0.015389,2.068e-25,0.1053
26.499,-0.0072189,-3.4002e-05,-0.0064228,0,0,0,5.3911e-06,8.9001e-06,0,1404.5,-0.015568,-0.012047,2.7022e-05,1.348e-07,2.6475e-05,0.32045,0.02134,0.015572,2.068e-25,0.10544
28.348,-0.007984,-3.8635e-05,-0.0073497,0,0,0,6.449e-06,9.8761e-06,0,1131.5,-0.015559,-0.012044,2.7371e-05,1.4495e-07,2.9592e-05,0.36993,0.021544,0.015732,0,0.10557
30.183,-0.0078962,-3.829e-05,-0.0073509,0,0,0,6.3973e-06,9.7661e-06,0,1224.6,-0.015561,-0.012055,2.8693e-05,1.4905e-07,3.0225e-05,0.3553,0.021764,0.015901,0,0.10571
32.009,-0.0078088,-3.7946e-05,-0.007352,0,0,0,6.3459e-06,9.6566e-06,0,1317.3,-0.015563,-0.012065,3.0009e-05,1.5314e-07,3.0854e-05,0.34074,0.021982,0.016069,0,0.10585
33.183,-0.0081575,-3.8681e-05,-0.0078971,0,0,0,6.9458e-06,9.8594e-06,0,1434,-0.01556,-0.012068,3.2359e-05,1.6417e-07,3.4903e-05,0.33925,0.022419,0.016402,-2.068e-25,0.10613
35.309,-0.0084606,-3.9376e-05,-0.0084908,0,0,0,7.589e-06,1.0153e-05,0,1495.3,-0.015555,-0.012068,3.4324e-05,1.7095e-07,3.8016e-05,0.349,0.022856,0.016729,2.068e-25,0.10642
37.11,-0.0088041,-4.025e-05,-0.0091609,0,0,0,8.5339e-06,1.0596e-05,0,1533.4,-0.015546,-0.012065,3.6085e-05,1.7749e-07,4.152e-05,0.36388,0.023292,0.01705,0,0.10672
39.521,-0.0092103,-4.1572e-05,-0.0099119,0,0,0,9.5271e-06,1.1109e-05,0,1556,-0.015536,-0.012061,3.7985e-05,1.8504e-07,4.5224e-05,0.38335,0.023728,0.017366,0,0.10702
41.757,-0.0096187,-4.3478e-05,-0.010737,0,0,0,1.0972e-05,1.1917e-05,0,1570.1,-0.015521,-0.012055,3.9862e-05,1.9521e-07,4.9006e-05,0.40789,0.024163,0.017678,0,0.10732
44.491,-0.010066,-4.5462e-05,-0.011622,0,0,0,1.2414e-05,1.27e-05,0,1555.6,-0.015502,-0.012048,4.1602e-05,2.0292e-07,5.2709e-05,0.43769,0.024598,0.017981,0,0.10763
47,-0.010525,-4.7747e-05,-0.012567,0,0,0,1.453e-05,1.3812e-05,0,1532.9,-0.01548,-0.012036,4.3066e-05,2.1052e-07,5.6466e-05,0.47524,0.025034,0.018281,0,0.10795
50.122,-0.010996,-5.0233e-05,-0.013554,0,0,0,1.6525e-05,1.4937e-05,0,1493.3,-0.015449,-0.012016,4.4646e-05,2.182e-07,6.0061e-05,0.51554,0.02547,0.018577,0,0.10827
52.602,-0.01146,-5.3259e-05,-0.014441,0,0,0,1.9412e-05,1.6636e-05,0,1430.8,-0.01541,-0.011988,4.5882e-05,2.2501e-07,6.2514e-05,0.56929,0.025906,0.018865,0,0.1086
53.595,-0.011711,-5.4607e-05,-0.01476,0,0,0,2.0312e-05,1.7182e-05,0,1395.3,-0.015399,-0.011978,4.6329e-05,2.2775e-07,6.3121e-05,0.59093,0.026042,0.018953,0,0.1087
55.8,-0.012269,-5.7604e-05,-0.015469,0,0,0,2.2311e-05,1.8396e-05,0,1316.4,-0.015374,-0.011956,4.732e-05,2.3385e-07,6.4469e-05,0.63901,0.026344,0.019149,0,0.10893
54.157,-0.013376,-6.1961e-05,-0.016841,0,0,0,2.6046e-05,2.0736e-05,0,1133.4,-0.015354,-0.011927,4.9327e-05,2.3311e-07,6.291e-05,0.746,0.026782,0.019428,0,0.10927
53.373,-0.012867,-5.921e-05,-0.016519,0,0,0,2.5009e-05,2.0212e-05,0,1410.8,-0.015335,-0.01191,5.0363e-05,2.3891e-07,6.6826e-05,0.69057,0.026989,0.019558,0,0.10943
52.497,-0.012298,-5.6135e-05,-0.016159,0,0,0,2.3849e-05,1.9627e-05,0,1721,-0.015315,-0.011891,5.1521e-05,2.4539e-07,7.1203e-05,0.6286,0.02722,0.019702,0,0.10961
58.972,-0.010459,-4.4231e-05,-0.014911,0,0,0,1.7834e-05,1.5884e-05,0,2221.3,-0.01528,-0.011881,5.3377e-05,2.3455e-07,7.7511e-05,0.44061,0.027659,0.019968,0,0.10996
58.99,-0.011327,-5.0238e-05,-0.016993,0,0,0,2.2442e-05,1.8395e-05,0,1941.9,-0.015206,-0.011832,5.2096e-05,2.4778e-07,8.4579e-05,0.52652,0.028098,0.020228,0,0.11031
61.505,-0.011802,-5.5547e-05,-0.018251,0,0,0,2.6415e-05,2.0656e-05,0,1719.8,-0.015132,-0.011789,5.1749e-05,2.581e-07,8.5554e-05,0.60901,0.028537,0.020485,0,0.11067
64.108,-0.012213,-6.1132e-05,-0.019348,0,0,0,3.2779e-05,2.4451e-05,0,1516.3,-0.015049,-0.011765,5.0723e-05,2.6601e-07,8.482e-05,0.72022,0.028978,0.020734,0,0.11103
65.837,-0.012608,-6.492e-05,-0.020127,0,0,0,3.6425e-05,2.6904e-05,0,1389.6,-0.015001,-0.011763,4.9985e-05,2.7032e-07,8.4444e-05,0.7983,0.029242,0.020879,0,0.11125
67.006,-0.012875,-6.748e-05,-0.020654,0,0,0,3.889e-05,2.8562e-05,0,1303.9,-0.014968,-0.011761,4.9486e-05,2.7323e-07,8.419e-05,0.85108,0.02942,0.020977,0,0.1114
66.026,-0.013144,-6.9644e-05,-0.021133,0,0,0,4.1698e-05,3.0539e-05,0,1218.3,-0.014948,-0.011761,4.936e-05,2.7124e-07,8.234e-05,0.91789,0.029566,0.021055,0,0.11153
64.022,-0.013694,-7.4069e-05,-0.022112,0,0,0,4.7438e-05,3.4582e-05,0,1043.3,-0.014905,-0.011761,4.9101e-05,2.6716e-07,7.8559e-05,1.0545,0.029864,0.021215,0,0.11178
61.435,-0.012558,-7.0108e-05,-0.02112,0,0,0,4.5332e-05,3.3952e-05,0,1429.9,-0.014818,-0.011692,4.9613e-05,2.8407e-07,8.5082e-05,0.93436,0.03031,0.021449,0,0.11216
70.697,-0.011172,-6.2022e-05,-0.020205,0,0,0,3.6164e-05,2.8576e-05,0,1676.1,-0.014729,-0.011656,4.962e-05,2.8132e-07,9.101e-05,0.72855,0.03076,0.021675,0,0.11255
64.297,-0.012331,-7.2612e-05,-0.022557,0,0,0,4.7177e-05,3.5651e-05,0,1226.4,-0.014629,-0.011646,4.7669e-05,2.788e-07,8.6903e-05,0.9745,0.031212,0.021897,0,0.11294
59.755,-0.011366,-7.1108e-05,-0.021477,0,0,0,4.5904e-05,3.498e-05,0,1560.2,-0.014523,-0.011572,4.7524e-05,2.9942e-07,9.0698e-05,0.89232,0.031667,0.022113,0,0.11334
68.868,-0.01007,-6.6669e-05,-0.020619,0,0,0,3.7606e-05,2.9758e-05,0,1774.1,-0.014416,-0.011516,4.6138e-05,3.0823e-07,9.5295e-05,0.72396,0.032125,0.022324,0,0.11375
62.284,-0.010983,-8.0302e-05,-0.022773,0,0,0,5.0849e-05,3.8125e-05,0,1261.7,-0.014299,-0.011481,4.3541e-05,3.1335e-07,8.8783e-05,0.99929,0.032586,0.022527,0,0.11416
59.737,-0.010495,-7.9946e-05,-0.022147,0,0,0,5.0531e-05,3.8038e-05,0,1406.5,-0.014237,-0.011444,4.2942e-05,3.2605e-07,8.9651e-05,0.96533,0.032823,0.022627,0,0.11438
57.286,-0.010025,-7.9604e-05,-0.021544,0,0,0,5.0225e-05,3.7955e-05,0,1545.9,-0.014177,-0.011408,4.2366e-05,3.3827e-07,9.0486e-05,0.93265,0.033051,0.022724,0,0.11458
66.529,-0.008806,-7.6888e-05,-0.020809,0,0,0,4.3081e-05,3.3155e-05,0,1695,-0.01405,-0.011336,3.9229e-05,3.4898e-07,9.38e-05,0.79773,0.03352,0.022915,0,0.11501
62.61,-0.0092698,-8.6178e-05,-0.021947,0,0,0,5.5103e-05,4.0114e-05,0,1390.9,-0.013981,-0.0113,3.7488e-05,3.4761e-07,8.8911e-05,1.0196,0.033771,0.023014,0,0.11524
59.163,-0.0096778,-9.4352e-05,-0.022947,0,0,0,6.5682e-05,4.6237e-05,0,1123.4,-0.013921,-0.011269,3.5956e-05,3.464e-07,8.461e-05,1.2148,0.033993,0.023101,0,0.11545
49.134,-0.0092586,-9.5564e-05,-0.022193,0,0,0,6.783e-05,4.8508e-05,0,1116.8,-0.013808,-0.011235,3.6257e-05,3.5052e-07,7.9885e-05,1.2376,0.034471,0.023279,0,0.11589
49.893,-0.0088617,-9.2213e-05,-0.021606,0,0,0,6.2495e-05,4.5803e-05,0,1277.6,-0.013781,-0.01123,3.6188e-05,3.5601e-07,8.199e-05,1.1396,0.034571,0.023314,0,0.11598
52.796,-0.0073428,-7.9391e-05,-0.01936,0,0,0,4.208e-05,3.5448e-05,0,1892.7,-0.01368,-0.011209,3.592e-05,3.7701e-07,9.0046e-05,0.76466,0.034953,0.023451,0,0.11634
58.085,-0.0064842,-8.1686e-05,-0.01908,0,0,0,3.7456e-05,3.4011e-05,0,1978.4,-0.013531,-0.011181,3.1426e-05,3.964e-07,9.2732e-05,0.69367,0.035443,0.023615,0,0.1168
54.133,-0.0067309,-9.2605e-05,-0.019826,0,0,0,5.1808e-05,4.2216e-05,0,1587.2,-0.013459,-0.011137,2.9383e-05,3.9305e-07,8.5515e-05,0.938,0.0357,0.023698,0,0.11704
50.485,-0.0069586,-0.00010269,-0.020514,0,0,0,6.5058e-05,4.9792e-05,0,1226,-0.013392,-0.011095,2.7496e-05,3.8996e-07,7.8854e-05,1.1635,0.035937,0.023774,0,0.11727
40.368,-0.0066085,-0.00010339,-0.019716,0,0,0,7.2609e-05,5.5334e-05,0,1089.4,-0.013268,-0.011,2.6367e-05,3.7478e-07,7.0712e-05,1.2819,0.036437,0.023924,0,0.11775
40.168,-0.0061736,-9.542e-05,-0.019013,0,0,0,6.3921e-05,5.1299e-05,0,1223.7,-0.013227,-0.010994,2.6108e-05,3.6072e-07,7.1653e-05,1.1474,0.036608,0.023972,0,0.11791
39.777,-0.005322,-7.9804e-05,-0.017636,0,0,0,4.6909e-05,4.3398e-05,0,1486.6,-0.013146,-0.010983,2.56e-05,3.3318e-07,7.3497e-05,0.88407,0.036942,0.024065,0,0.11823
39.536,-0.0042348,-6.008e-05,-0.015407,0,0,0,2.8542e-05,3.4628e-05,0,2347,-0.013009,-0.010842,2.4115e-05,3.1075e-07,8.0318e-05,0.56019,0.037454,0.024198,0,0.11873
42.552,-0.0036384,-6.6183e-05,-0.014826,0,0,0,2.588e-05,3.3011e-05,0,2325.3,-0.012869,-0.01063,1.9933e-05,3.4038e-07,7.7911e-05,0.53716,0.037972,0.024323,0,0.11923
40.562,-0.0036998,-7.7543e-05,-0.015067,0,0,0,3.5261e-05,3.8263e-05,0,2010.1,-0.012829,-0.010567,1.8854e-05,3.5824e-07,7.3039e-05,0.69475,0.038141,0.02436,0,0.11939
36.323,-0.0038305,-0.00010174,-0.015581,0,0,0,5.5241e-05,4.9449e-05,0,1338.8,-0.012744,-0.010433,1.6556e-05,3.9627e-07,6.2663e-05,1.0304,0.038499,0.02444,0,0.11974
28.087,-0.0034662,-0.00013062,-0.014605,0,0,0,7.0148e-05,5.8931e-05,0,1077.7,-0.012627,-0.010208,1.4732e-05,4.7741e-07,5.2181e-05,1.2591,0.039035,0.024548,0,0.12027
27.122,-0.0025269,-0.00014207,-0.013037,0,0,0,5.4999e-05,5.1017e-05,0,1261.4,-0.012508,-0.010011,1.2065e-05,5.6436e-07,5.0288e-05,1.0284,0.039581,0.024645,0,0.1208
26.496,-0.002358,-0.00014163,-0.012689,0,0,0,5.2453e-05,4.949e-05,0,1308.3,-0.012478,-0.0099808,1.148e-05,5.7169e-07,4.9824e-05,0.98749,0.03972,0.024667,-1.034e-25,0.12094
24.634,-0.0018558,-0.0001403,-0.011652,0,0,0,4.4881e-05,4.4947e-05,0,1448,-0.01239,-0.0098908,9.7382e-06,5.9349e-07,4.8443e-05,0.86581,0.040132,0.024731,0,0.12135
23.549,-0.0016262,-0.00013441,-0.011058,0,0,0,4.1688e-05,4.3004e-05,0,1522.7,-0.012346,-0.0098755,8.869e-06,5.8148e-07,4.7082e-05,0.81479,0.040348,0.02476,0,0.12156
21.861,-0.0012693,-0.00012524,-0.010135,0,0,0,3.6722e-05,3.9981e-05,0,1639,-0.012277,-0.0098516,7.5172e-06,5.6281e-07,4.4966e-05,0.73545,0.040685,0.024806,-4.1359e-25,0.1219
19.203,-0.00079882,-0.00010925,-0.0086027,0,0,0,2.9685e-05,3.5463e-05,0,1856.7,-0.01217,-0.0099067,5.5985e-06,5.2405e-07,4.0802e-05,0.62117,0.041233,0.024869,0,0.12244
16.773,-0.0005167,-8.8869e-05,-0.0070285,0,0,0,2.2426e-05,3.0343e-05,0,2193.1,-0.012072,-0.01004,4.7803e-06,4.609e-07,3.6476e-05,0.4978,0.041772,0.024917,0,0.12298
15.207,-0.00051269,-5.864e-05,-0.0053505,0,0,0,1.3721e-05,2.583e-05,0,3020.4,-0.011983,-0.0099139,5.5139e-06,3.4938e-07,3.2289e-05,0.33626,0.042297,0.024954,0,0.1235
13.632,-0.00051933,-4.3187e-05,-0.0046216,0,0,0,1.2215e-05,2.678e-05,0,2702.3,-0.01191,-0.0096572,4.7327e-06,2.5269e-07,2.6445e-05,0.35066,0.042807,0.024979,0,0.12401
9.859,-0.00068985,-5.4722e-05,-0.0033346,0,0,0,4.4119e-05,4.6441e-05,0,1336.7,-0.011854,-0.0093308,4.8027e-06,2.2447e-07,1.4302e-05,0.92896,0.043306,0.024993,0,0.12451
5.8388,-0.00044648,-6.1363e-05,-0.0013209,0,0,0,6.6164e-05,6.2897e-05,0,899.49,-0.011792,-0.0088583,3.2573e-06,2.1376e-07,3.9126e-06,1.3332,0.043797,0.025,0,0.125
4.4976,-4.6571e-05,-4.9076e-05,-0.0011184,0,0,0,3.62e-05,4.4468e-05,0,1336.1,-0.011739,-0.0087504,1.8005e-06,1.9292e-07,4.9359e-06,0.84158,0.044288,0.024993,0,0.12549
4.5537,4.7563e-05,-3.9455e-05,-0.0012382,0,0,0,9.7145e-06,2.3009e-05,0,2703.1,-0.011699,-0.0091301,8.034e-07,2.2205e-07,7.2175e-06,0.31282,0.044786,0.024979,0,0.12599
3.5338,-3.8906e-05,-4.7227e-05,-0.00063982,0,0,0,8.6846e-06,2.258e-05,0,3020.4,-0.011648,-0.0096589,4.4831e-07,2.835e-07,4.3045e-06,0.26829,0.045297,0.024954,0,0.1265
2.1814,-0.00037817,-6.5341e-05,0.00017836,0,0,0,1.2464e-05,2.837e-05,0,2192,-0.011599,-0.0098594,3.2656e-06,3.3692e-07,-4.8689e-07,0.37128,0.045822,0.024917,0,0.12702
2.2885,-0.00049249,-7.3625e-05,0.0011847,0,0,0,1.5962e-05,3.3224e-05,0,1855.2,-0.011552,-0.0097234,3.781e-06,3.5307e-07,-5.4894e-06,0.45553,0.04636,0.024869,0,0.12756
3.6439,-0.00061167,-7.2916e-05,0.0021589,0,0,0,1.9576e-05,3.787e-05,0,1637.2,-0.011509,-0.0097016,4.0011e-06,3.2353e-07,-9.5178e-06,0.53699,0.046909,0.024806,0,0.1281
4.965,-0.00074214,-6.8853e-05,0.002816,0,0,0,2.264e-05,4.1639e-05,0,1499.3,-0.011479,-0.0098487,4.3236e-06,2.9766e-07,-1.1884e-05,0.60461,0.047307,0.024752,0,0.1285
5.4787,-0.00079286,-6.7274e-05,0.0030715,0,0,0,2.3831e-05,4.3104e-05,0,1445.7,-0.011467,-0.0099059,4.449e-06,2.876e-07,-1.2804e-05,0.63091,0.047462,0.024731,0,0.12865
6.1808,-0.00084156,-6.6404e-05,0.0033923,0,0,0,2.5941e-05,4.544e-05,0,1375.8,-0.011452,-0.010009,4.6262e-06,2.7969e-07,-1.3801e-05,0.67648,0.047668,0.024699,0,0.12886
7.3572,-0.00092315,-6.4946e-05,0.0039299,0,0,0,2.9476e-05,4.9354e-05,0,1258.6,-0.011426,-0.010181,4.9231e-06,2.6645e-07,-1.5472e-05,0.75282,0.048013,0.024645,0,0.1292
8.4834,-0.0010276,-6.4238e-05,0.0054617,0,0,0,3.6213e-05,5.6852e-05,0,1073.9,-0.01138,-0.010401,4.2189e-06,2.3165e-07,-1.9926e-05,0.90491,0.048558,0.024548,0,0.12973
10.617,-0.00099571,-5.2038e-05,0.0055557,0,0,0,2.8108e-05,4.9329e-05,0,1277.8,-0.011363,-0.010553,4.1723e-06,1.9475e-07,-2.1228e-05,0.74497,0.048975,0.024464,0,0.13014
11.224,-0.00098664,-4.8567e-05,0.0055824,0,0,0,2.5803e-05,4.7189e-05,0,1335.8,-0.011358,-0.010596,4.159e-06,1.8426e-07,-2.1599e-05,0.69946,0.049094,0.02444,0,0.13026
11.436,-0.00064739,-3.5825e-05,0.0039756,0,0,0,9.5316e-06,3.1125e-05,0,2324.1,-0.011344,-0.010793,2.6421e-06,1.8552e-07,-2.0263e-05,0.32623,0.049621,0.024323,0,0.13077
10.576,-0.00082329,-3.9281e-05,0.0039574,0,0,0,1.0142e-05,3.1779e-05,0,2335.2,-0.011328,-0.01092,3.3081e-06,2.0338e-07,-2.0245e-05,0.33487,0.04989,0.024258,0,0.13103
9.774,-0.00098717,-4.2501e-05,0.0039405,0,0,0,1.0712e-05,3.239e-05,0,2345.5,-0.011312,-0.011039,3.9287e-06,2.2002e-07,-2.0228e-05,0.34292,0.05014,0.024198,0,0.13127
11.546,-0.0018261,-5.7567e-05,0.0049422,0,0,0,1.8757e-05,3.9771e-05,0,1483.3,-0.011279,-0.011193,8.7728e-06,2.4496e-07,-2.0288e-05,0.55895,0.050651,0.024065,0,0.13177
12.58,-0.002277,-7.0878e-05,0.0066282,0,0,0,2.7445e-05,4.9408e-05,0,1084,-0.011237,-0.011169,8.8152e-06,2.5779e-07,-2.4122e-05,0.78851,0.051156,0.023924,0,0.13225
14.946,-0.002129,-6.7271e-05,0.0067237,0,0,0,2.3133e-05,4.6048e-05,0,1181.9,-0.011226,-0.011229,8.1765e-06,2.4929e-07,-2.5331e-05,0.69879,0.051514,0.023817,0,0.13259
15.89,-0.0020699,-6.5832e-05,0.0067619,0,0,0,2.1413e-05,4.4707e-05,0,1220.9,-0.011222,-0.011252,7.9216e-06,2.4589e-07,-2.5814e-05,0.66299,0.051656,0.023774,0,0.13273
16.018,-0.0013006,-4.6201e-05,0.0049563,0,0,0,9.1612e-06,3.1252e-05,0,1975.1,-0.011215,-0.011401,4.9499e-06,2.1881e-07,-2.4189e-05,0.34348,0.052151,0.023615,0,0.1332
14.336,-0.0013917,-4.1936e-05,0.0047881,0,0,0,1.0271e-05,3.1801e-05,0,1925.9,-0.0112,-0.011439,5.0624e-06,1.9899e-07,-2.2913e-05,0.37166,0.052431,0.023521,0,0.13346
13.078,-0.0014598,-3.8745e-05,0.0046623,0,0,0,1.1102e-05,3.2211e-05,0,1889,-0.011189,-0.011468,5.1465e-06,1.8417e-07,-2.1958e-05,0.39274,0.05264,0.023451,0,0.13366
13.394,-0.0025428,-4.2355e-05,0.0062325,0,0,0,2.0361e-05,4.2486e-05,0,1111.2,-0.011152,-0.011459,8.879e-06,1.5405e-07,-2.2307e-05,0.67787,0.053123,0.023279,0,0.13411
16.606,-0.0026103,-3.5841e-05,0.0063143,0,0,0,1.7807e-05,4.0671e-05,0,1117.6,-0.011133,-0.011475,9.6257e-06,1.2638e-07,-2.2975e-05,0.62811,0.053601,0.023101,0,0.13455
16.852,-0.0019754,-2.7661e-05,0.0051968,0,0,0,1.1423e-05,3.3375e-05,0,1512.9,-0.011128,-0.011527,7.9617e-06,1.1269e-07,-2.1998e-05,0.44028,0.053927,0.022973,0,0.13486
16.963,-0.0016901,-2.3985e-05,0.0046946,0,0,0,8.5542e-06,3.0096e-05,0,1690.5,-0.011125,-0.01155,7.2139e-06,1.0654e-07,-2.1559e-05,0.35588,0.054074,0.022915,0,0.13499
13.433,-0.0019341,-2.6787e-05,0.005403,0,0,0,1.1264e-05,3.2601e-05,0,1541,-0.011096,-0.011617,5.8537e-06,1.121e-07,-2.3274e-05,0.44203,0.054543,0.022724,0,0.13542
14.302,-0.0021209,-2.6311e-05,0.0054316,0,0,0,1.1155e-05,3.2353e-05,0,1401.4,-0.011091,-0.01165,7.054e-06,1.0698e-07,-2.2051e-05,0.45213,0.054771,0.022627,-2.068e-25,0.13562
15.203,-0.0023144,-2.5818e-05,0.0054613,0,0,0,1.1042e-05,3.2097e-05,0,1256.9,-0.011085,-0.011684,8.2967e-06,1.0168e-07,-2.0785e-05,0.46258,0.055008,0.022527,2.068e-25,0.13584
15.358,-0.0019797,-2.2965e-05,0.0046263,0,0,0,8.4683e-06,2.8582e-05,0,1520.7,-0.011078,-0.011697,7.7973e-06,9.9636e-08,-1.9196e-05,0.37407,0.055245,0.022423,0,0.13605
15.504,-0.0016631,-2.0266e-05,0.0038363,0,0,0,6.0333e-06,2.5256e-05,0,1770.1,-0.011071,-0.011708,7.3249e-06,9.7703e-08,-1.7694e-05,0.29033,0.055469,0.022324,0,0.13625
12.866,-0.0020728,-2.6461e-05,0.0047054,0,0,0,8.9603e-06,2.815e-05,0,1555.5,-0.01104,-0.011737,6.7843e-06,1.1351e-07,-2.0191e-05,0.3946,0.055926,0.022113,0,0.13666
14.669,-0.0024739,-2.6893e-05,0.0049391,0,0,0,9.0742e-06,2.8072e-05,0,1222.1,-0.011032,-0.011787,8.9549e-06,1.0547e-07,-1.8582e-05,0.42434,0.056382,0.021897,0,0.13706
15.189,-0.0018087,-2.162e-05,0.0034914,0,0,0,5.1244e-06,2.2588e-05,0,1673.5,-0.011019,-0.011775,8.0262e-06,9.9814e-08,-1.559e-05,0.2744,0.056834,0.021676,0,0.13745
13.199,-0.0023493,-2.669e-05,0.004477,0,0,0,8.3918e-06,2.582e-05,0,1426.5,-0.01099,-0.011784,7.7395e-06,1.0664e-07,-1.8323e-05,0.40223,0.057283,0.021449,0,0.13784
14.852,-0.0027341,-2.5934e-05,0.0048524,0,0,0,8.7565e-06,2.5907e-05,0,1038.9,-0.010983,-0.011839,9.4145e-06,9.1488e-08,-1.7171e-05,0.44898,0.05773,0.021215,0,0.13822
14.66,-0.0021862,-2.114e-05,0.0040772,0,0,0,5.3774e-06,2.1718e-05,0,1300.1,-0.010968,-0.011837,7.6857e-06,8.4767e-08,-1.7001e-05,0.31654,0.058174,0.020977,0,0.1386
13.024,-0.0019869,-1.8748e-05,0.0036662,0,0,0,4.1467e-06,1.8702e-05,0,1512.8,-0.010957,-0.011829,7.4571e-06,8.0862e-08,-1.6105e-05,0.25492,0.058615,0.020734,0,0.13897
12.247,-0.0019004,-1.7399e-05,0.0032201,0,0,0,3.0441e-06,1.5785e-05,0,1717.1,-0.010949,-0.01183,7.8099e-06,8.0842e-08,-1.4903e-05,0.20658,0.059056,0.020485,0,0.13933
11.462,-0.0019225,-1.7154e-05,0.0029012,0,0,0,2.5658e-06,1.4152e-05,0,1940.3,-0.010938,-0.011858,8.502e-06,8.3789e-08,-1.4024e-05,0.17765,0.059496,0.020229,0,0.13969
11.903,-0.0018202,-1.6247e-05,0.002316,0,0,0,2.0099e-06,1.2192e-05,0,2220.3,-0.010931,-0.011892,1.0062e-05,8.5684e-08,-1.1271e-05,0.14776,0.059935,0.019968,0,0.14004
12.181,-0.0025452,-2.2195e-05,0.0032605,0,0,0,4.0915e-06,1.4434e-05,0,1785.9,-0.010914,-0.011889,1.0559e-05,9.737e-08,-1.4256e-05,0.25375,0.060314,0.019738,0,0.14034
12.224,-0.0026574,-2.3116e-05,0.0034067,0,0,0,4.4138e-06,1.4781e-05,0,1718.7,-0.010911,-0.011888,1.0636e-05,9.9179e-08,-1.4718e-05,0.27016,0.060373,0.019702,0,0.14039
13.985,-0.003166,-2.4811e-05,0.0039338,0,0,0,5.1465e-06,1.5723e-05,0,1130.7,-0.010908,-0.011917,1.1928e-05,9.1632e-08,-1.4344e-05,0.32958,0.060811,0.019428,0,0.14073
14.365,-0.0030244,-2.3135e-05,0.0037609,0,0,0,4.4802e-06,1.4955e-05,0,1222.4,-0.010904,-0.01193,1.1611e-05,8.8806e-08,-1.4545e-05,0.29669,0.061031,0.019289,0,0.1409
14.744,-0.0028829,-2.1461e-05,0.0035881,0,0,0,3.8142e-06,1.4188e-05,0,1314,-0.0109,-0.011944,1.1294e-05,8.5981e-08,-1.4747e-05,0.26381,0.06125,0.019149,0,0.14107
14.575,-0.0028737,-2.0749e-05,0.0035563,0,0,0,3.6567e-06,1.3744e-05,0,1354.9,-0.010898,-0.011952,1.1417e-05,8.469e-08,-1.4727e-05,0.25421,0.061406,0.019048,0,0.14119
14.27,-0.0028572,-1.9467e-05,0.003499,0,0,0,3.3733e-06,1.2945e-05,0,1428.5,-0.010895,-0.011965,1.1639e-05,8.2367e-08,-1.4691e-05,0.23692,0.061687,0.018865,0,0.1414
14.475,-0.0029868,-1.8834e-05,0.0034165,0,0,0,3.0522e-06,1.1867e-05,0,1491.5,-0.010892,-0.011982,1.2583e-05,8.2867e-08,-1.4534e-05,0.22094,0.062123,0.018577,0,0.14173
14.513,-0.0031228,-1.8418e-05,0.0033903,0,0,0,2.9239e-06,1.099e-05,0,1532,-0.010889,-0.011997,1.3392e-05,8.1463e-08,-1.4556e-05,0.2131,0.06256,0.018281,0,0.14205
14.948,-0.0032993,-1.7814e-05,0.0033996,0,0,0,2.8212e-06,1.0145e-05,0,1555,-0.010888,-0.012006,1.4453e-05,7.8008e-08,-1.4654e-05,0.20792,0.062995,0.017982,-4.1359e-25,0.14237
15.312,-0.003488,-1.7606e-05,0.0034585,0,0,0,2.822e-06,9.7103e-06,0,1569.1,-0.010887,-0.012009,1.5346e-05,7.6395e-08,-1.4924e-05,0.20708,0.063431,0.017678,0,0.14268
15.987,-0.0037308,-1.7085e-05,0.0035268,0,0,0,2.9e-06,9.2452e-06,0,1555,-0.010888,-0.012013,1.6391e-05,7.3847e-08,-1.5164e-05,0.21076,0.063866,0.017366,0,0.14298
16.583,-0.0039632,-1.6503e-05,0.0036246,0,0,0,2.9949e-06,9.0962e-06,0,1532.7,-0.010889,-0.012021,1.7342e-05,7.1058e-08,-1.5382e-05,0.21594,0.064301,0.01705,0,0.14328
17.515,-0.0042863,-1.6147e-05,0.0037585,0,0,0,3.2374e-06,8.9942e-06,0,1494.7,-0.010892,-0.012031,1.8535e-05,6.87e-08,-1.5724e-05,0.227,0.064738,0.016729,0,0.14358
18.25,-0.0046005,-1.5896e-05,0.0038909,0,0,0,3.4459e-06,8.9865e-06,0,1433.5,-0.010896,-0.012045,1.9484e-05,6.6653e-08,-1.6013e-05,0.2395,0.065174,0.016402,0,0.14387
19.518,-0.0049243,-1.5984e-05,0.004036,0,0,0,3.9554e-06,9.0763e-06,0,1317,-0.0109,-0.012058,2.0151e-05,6.3995e-08,-1.563e-05,0.2679,0.065611,0.016069,0,0.14415
19.051,-0.0056623,-1.6573e-05,0.0045354,0,0,0,4.9392e-06,9.4525e-06,0,1131.3,-0.010901,-0.012054,2.0846e-05,6.1371e-08,-1.6984e-05,0.32476,0.066049,0.015732,0,0.14443
18.499,-0.0053979,-1.4828e-05,0.0042423,0,0,0,4.3654e-06,8.9162e-06,0,1356.8,-0.010907,-0.012059,2.1303e-05,5.7372e-08,-1.6311e-05,0.29197,0.066218,0.0156,0,0.14453
17.616,-0.0049747,-1.2032e-05,0.0037729,0,0,0,3.4464e-06,8.0575e-06,0,1717.8,-0.010917,-0.012066,2.2035e-05,5.097e-08,-1.5233e-05,0.23946,0.066488,0.015389,0,0.1447
18.423,-0.0047569,-1.1146e-05,0.0035329,0,0,0,2.774e-06,7.4381e-06,0,2003.5,-0.01092,-0.012065,2.2993e-05,5.3585e-08,-1.6532e-05,0.19254,0.066737,0.015191,0,0.14485
19.037,-0.0045916,-1.0473e-05,0.0033507,0,0,0,2.2635e-06,6.9678e-06,0,2220.5,-0.010923,-0.012064,2.372e-05,5.5571e-08,-1.7519e-05,0.15691,0.066927,0.01504,0,0.14497
19.089,-0.0050528,-1.0535e-05,0.0035728,0,0,0,2.3913e-06,6.8094e-06,0,1942.7,-0.010934,-0.012079,2.4938e-05,5.2596e-08,-1.7004e-05,0.17177,0.067366,0.014687,0,0.14523
19.938,-0.0055047,-1.0364e-05,0.0037649,0,0,0,2.881e-06,7.0404e-06,0,1720,-0.010942,-0.012086,2.5344e-05,4.8004e-08,-1.695e-05,0.20046,0.067805,0.01433,0,0.14548
20.495,-0.0057309,-1.0254e-05,0.0038424,0,0,0,3.1074e-06,7.1775e-06,0,1589.5,-0.010947,-0.012087,2.5347e-05,4.6035e-08,-1.6748e-05,0.2168,0.068087,0.014097,0,0.14564
20.807,-0.0058577,-1.0192e-05,0.0038858,0,0,0,3.2344e-06,7.2544e-06,0,1516.3,-0.010949,-0.012087,2.5349e-05,4.4931e-08,-1.6635e-05,0.22596,0.068246,0.013966,0,0.14573
21.351,-0.0060208,-1.0488e-05,0.0039392,0,0,0,3.5509e-06,7.434e-06,0,1424.8,-0.010952,-0.012088,2.5218e-05,4.4449e-08,-1.6159e-05,0.24539,0.068434,0.013809,2.068e-25,0.14584
22.082,-0.0062401,-1.0886e-05,0.0040109,0,0,0,3.9762e-06,7.6752e-06,0,1301.8,-0.010956,-0.012089,2.5043e-05,4.3802e-08,-1.5519e-05,0.27151,0.068688,0.013597,0,0.14598
21.38,-0.0071071,-1.2303e-05,0.0044726,0,0,0,5.0963e-06,8.3677e-06,0,1037.3,-0.010959,-0.012081,2.484e-05,4.446e-08,-1.6379e-05,0.34547,0.069131,0.013223,0,0.14622
20.872,-0.0068881,-1.1437e-05,0.0042658,0,0,0,4.7458e-06,8.1337e-06,0,1139.8,-0.010963,-0.012082,2.496e-05,4.207e-08,-1.5693e-05,0.32553,0.06925,0.013122,-1.034e-25,0.14628
19.467,-0.0062818,-9.0375e-06,0.0036933,0,0,0,3.7756e-06,7.4858e-06,0,1423.6,-0.010976,-0.012088,2.5292e-05,3.5453e-08,-1.3793e-05,0.27033,0.069578,0.012842,0,0.14645
22.012,-0.005887,-8.2446e-06,0.003286,0,0,0,2.9151e-06,6.8365e-06,0,1672.1,-0.010983,-0.012085,2.6303e-05,3.7263e-08,-1.4532e-05,0.20712,0.070027,0.012454,0,0.14668
20.538,-0.0070421,-9.2834e-06,0.003803,0,0,0,3.7267e-06,7.4107e-06,0,1222.1,-0.01099,-0.012089,2.674e-05,3.6713e-08,-1.4747e-05,0.27365,0.07048,0.01206,0,0.1469
19.771,-0.0068241,-8.4055e-06,0.0035759,0,0,0,3.4709e-06,7.2325e-06,0,1344.5,-0.010997,-0.012095,2.6993e-05,3.412e-08,-1.3742e-05,0.25745,0.070647,0.011912,0,0.14698
18.456,-0.0064503,-6.9001e-06,0.0031865,0,0,0,3.0324e-06,6.9269e-06,0,1554.5,-0.011008,-0.012104,2.7427e-05,2.9673e-08,-1.2019e-05,0.22967,0.070935,0.011659,0,0.14711
22.059,-0.0062721,-7.2268e-06,0.002913,0,0,0,2.6157e-06,6.6611e-06,0,1769.2,-0.011015,-0.012111,2.901e-05,3.5035e-08,-1.2662e-05,0.19123,0.071393,0.011253,0,0.14732
21.093,-0.0077345,-9.252e-06,0.0034927,0,0,0,3.6333e-06,7.6169e-06,0,1255.7,-0.011026,-0.012125,3.0007e-05,3.834e-08,-1.3263e-05,0.26719,0.071854,0.010839,0,0.14753
20.479,-0.007594,-8.6662e-06,0.0033289,0,0,0,3.4874e-06,7.5171e-06,0,1357.1,-0.011033,-0.012133,3.0461e-05,3.6234e-08,-1.2432e-05,0.25624,0.07202,0.010688,0,0.1476
19.377,-0.0073418,-7.6143e-06,0.0030347,0,0,0,3.2254e-06,7.3379e-06,0,1539.1,-0.011046,-0.012148,3.1276e-05,3.2452e-08,-1.0941e-05,0.23658,0.072318,0.010418,0,0.14772
24.73,-0.0074571,-7.7542e-06,0.0028424,0,0,0,3.1688e-06,7.3789e-06,0,1690.2,-0.011058,-0.01216,3.3726e-05,3.4619e-08,-1.142e-05,0.21649,0.072787,0.0099904,0,0.14792
24.396,-0.008104,-8.4745e-06,0.0030707,0,0,0,3.7204e-06,7.9121e-06,0,1494.2,-0.011063,-0.012165,3.4006e-05,3.5544e-08,-1.157e-05,0.25454,0.072949,0.0098415,0,0.14798
23.753,-0.009347,-9.8585e-06,0.0035093,0,0,0,4.7802e-06,8.9366e-06,0,1117.5,-0.011073,-0.012176,3.4543e-05,3.732e-08,-1.1858e-05,0.32764,0.07326,0.0095553,0,0.1481
20.375,-0.0097846,-8.5513e-06,0.0035644,0,0,0,5.1897e-06,9.3153e-06,0,1110.6,-0.011092,-0.012199,3.608e-05,3.2522e-08,-1.2208e-05,0.34145,0.073738,0.0091114,0,0.14828
21.521,-0.0092493,-7.1549e-06,0.0032614,0,0,0,4.6265e-06,8.6746e-06,0,1456.3,-0.011104,-0.012211,3.8018e-05,2.9655e-08,-1.2061e-05,0.29337,0.073953,0.0089102,0,0.14836
22.948,-0.0085822,-5.4148e-06,0.0028839,0,0,0,3.9247e-06,7.8761e-06,0,1887.1,-0.011118,-0.012226,4.0433e-05,2.6082e-08,-1.1878e-05,0.23345,0.074222,0.0086595,0,0.14845
29.061,-0.009255,-6.4796e-06,0.0027295,0,0,0,4.0438e-06,7.7487e-06,0,1972.4,-0.01115,-0.012253,4.4769e-05,3.0792e-08,-1.0968e-05,0.22829,0.07471,0.0081992,0,0.14862
27.929,-0.011943,-1.0241e-05,0.0033607,0,0,0,6.5378e-06,1.0208e-05,0,1218.7,-0.01118,-0.012281,4.6011e-05,3.936e-08,-1.1119e-05,0.36948,0.075205,0.007731,0,0.14877
26.532,-0.012206,-1.0422e-05,0.0034537,0,0,0,7.0243e-06,1.0693e-05,0,1173,-0.011189,-0.012292,4.6322e-05,3.9536e-08,-1.1512e-05,0.38788,0.075372,0.0075715,0,0.14882
23.754,-0.012731,-1.0782e-05,0.0036387,0,0,0,7.9925e-06,1.1656e-05,0,1082.2,-0.011207,-0.012313,4.6941e-05,3.9887e-08,-1.2295e-05,0.42448,0.075705,0.0072542,0,0.14892
25.633,-0.01202,-9.2579e-06,0.0035345,0,0,0,7.3826e-06,1.0848e-05,0,1483.2,-0.011236,-0.012345,5.104e-05,3.958e-08,-1.582e-05,0.35033,0.07621,0.0067688,0,0.14907
25.794,-0.011605,-8.6987e-06,0.0033611,0,0,0,6.905e-06,1.0289e-05,0,1691.4,-0.011249,-0.012355,5.1747e-05,3.873e-08,-1.5526e-05,0.32459,0.076334,0.0066496,0,0.1491
26.301,-0.010302,-6.9412e-06,0.0028161,0,0,0,5.4042e-06,8.5318e-06,0,2345.6,-0.01129,-0.012388,5.397e-05,3.6059e-08,-1.4601e-05,0.24368,0.076721,0.006275,0,0.1492
29.8,-0.010157,-6.6494e-06,0.0026075,0,0,0,4.844e-06,7.7609e-06,0,2323.2,-0.011326,-0.012404,5.2845e-05,3.4564e-08,-1.4365e-05,0.23235,0.07724,0.0057716,0,0.14932
26.662,-0.011551,-7.524e-06,0.0030539,0,0,0,6.3974e-06,9.4223e-06,0,1332.1,-0.011344,-0.012411,4.5695e-05,3.0952e-08,-1.4692e-05,0.35121,0.077767,0.0052578,0,0.14944
19.567,-0.010411,-5.2319e-06,0.0025401,0,0,0,6.1512e-06,9.3285e-06,0,1069.4,-0.011356,-0.012427,3.6787e-05,1.895e-08,-1.1242e-05,0.37287,0.078303,0.0047326,0,0.14955
17.031,-0.0083165,-2.369e-06,0.001595,0,0,0,4.3136e-06,7.6589e-06,0,1256.2,-0.011356,-0.012442,3.1633e-05,9.0374e-09,-7.8002e-06,0.2873,0.078848,0.0041965,0,0.14965
14.48,-0.00737,-4.7994e-07,0.00086472,0,0,0,3.2489e-06,6.843e-06,0,1443.7,-0.011366,-0.012469,3.0434e-05,1.3668e-09,-3.5129e-06,0.23291,0.079399,0.0036522,0,0.14973
13.52,-0.0073723,8.4097e-07,0.00044414,0,0,0,3.2602e-06,6.9872e-06,0,1636.4,-0.011383,-0.012501,3.3009e-05,-4.6017e-09,-7.5507e-07,0.21874,0.079952,0.0031044,0,0.14981
14.076,-0.0077685,1.8565e-06,0.00035811,0,0,0,3.587e-06,7.3707e-06,0,1855.5,-0.011411,-0.012533,3.7507e-05,-1.006e-08,-4.2041e-07,0.21557,0.080501,0.0025593,0,0.14987
15.305,-0.0080088,2.681e-06,0.00047152,0,0,0,3.5064e-06,7.136e-06,0,2186.8,-0.01145,-0.01256,4.1918e-05,-1.407e-08,-2.1651e-06,0.19709,0.08104,0.0020227,0,0.14992
16.999,-0.0074014,2.8002e-06,0.00041105,0,0,0,2.6884e-06,5.9345e-06,0,3011,-0.011498,-0.012575,4.4421e-05,-1.5946e-08,-1.9819e-06,0.14951,0.081564,0.0014991,0,0.14995
22.119,-0.0078502,3.0791e-06,5.0919e-05,0,0,0,3.1617e-06,6.4681e-06,0,2699,-0.011547,-0.012593,4.2783e-05,-1.623e-08,9.6476e-07,0.17848,0.082075,0.00098939,0,0.14998
21.674,-0.0096996,3.0073e-06,-0.0004065,0,0,0,6.691e-06,1.0572e-05,0,1334.1,-0.011593,-0.012629,3.663e-05,-1.0533e-08,3.3816e-06,0.36766,0.082573,0.00049139,0,0.14999
18.371,-0.01049,2.5188e-06,-0.0017515,0,0,0,1.3048e-05,1.6133e-05,0,893.99,-0.01164,-0.012683,3.3732e-05,-5.2879e-09,8.7103e-06,0.58562,0.083064,2.8697e-09,0,0.15
26.747,-0.011355,2.0714e-06,-0.0020962,0,0,0,1.2732e-05,1.5262e-05,0,1334.9,-0.011716,-0.012778,4.867e-05,-5.0002e-09,9.3338e-06,0.50729,0.083556,-0.00049139,0,0.14999
26.799,-0.011085,1.8379e-06,-0.0017278,0,0,0,1.1116e-05,1.3753e-05,0,1655.1,-0.011742,-0.012807,5.1025e-05,-4.7687e-09,6.9877e-06,0.44506,0.083673,-0.00060826,0,0.14999
26.969,-0.010204,1.0763e-06,-0.00052662,0,0,0,5.8431e-06,8.8297e-06,0,2699.3,-0.011826,-0.012905,5.8707e-05,-4.0138e-09,-6.6311e-07,0.24214,0.084054,-0.00098939,0,0.14998
17.153,-0.0076363,7.8394e-07,-0.00040881,0,0,0,3.3196e-06,6.542e-06,0,3011.1,-0.011911,-0.012993,4.545e-05,-4.4586e-09,3.5609e-07,0.16565,0.084564,-0.0014991,0,0.14995
13.581,-0.0070817,6.8506e-07,-0.0017097,0,0,0,4.168e-06,7.9922e-06,0,2186.9,-0.012019,-0.013089,3.4474e-05,-3.6668e-09,1.1289e-05,0.21479,0.085089,-0.0020227,0,0.14992
12.414,-0.006384,6.8713e-07,-0.0026017,0,0,0,5.6134e-06,1.0127e-05,0,1855.7,-0.012204,-0.013255,2.9149e-05,-2.316e-09,1.5209e-05,0.26988,0.085628,-0.0025593,0,0.14987
12.108,-0.0034228,1.5665e-06,-0.0024903,0,0,0,6.3574e-06,1.246e-05,0,1636.8,-0.012401,-0.013417,1.5178e-05,-5.212e-09,1.1202e-05,0.3058,0.086177,-0.0031044,0,0.14981
18.196,0.0030981,2.1022e-06,-0.0014814,0,0,0,1.0107e-05,1.8905e-05,0,1449.8,-0.012523,-0.013503,-1.2361e-05,-7.2031e-09,2.9629e-06,0.40475,0.086715,-0.0036371,0,0.14973
18.368,0.0032823,2.1174e-06,-0.0014529,0,0,0,1.0213e-05,1.9087e-05,0,1444.5,-0.012527,-0.013506,-1.3139e-05,-7.2594e-09,2.7301e-06,0.40754,0.08673,-0.0036522,0,0.14973
18.932,0.0035884,2.1081e-06,-0.0013931,0,0,0,1.0724e-05,1.9682e-05,0,1438.6,-0.012527,-0.013505,-1.4231e-05,-7.2917e-09,2.4139e-06,0.41673,0.086747,-0.0036696,0,0.14973
35.999,0.012849,1.8268e-06,0.00041445,0,0,0,2.6167e-05,3.7697e-05,0,1258.8,-0.012527,-0.013485,-4.7278e-05,-8.2702e-09,-7.1552e-06,0.69478,0.087281,-0.0041965,0,0.14965
58.85,0.02477,1.974e-06,0.0055759,0,0,0,5.8546e-05,6.9769e-05,0,1075.8,-0.012438,-0.013429,-8.1472e-05,-1.0102e-08,-2.9304e-05,1.1407,0.087826,-0.0047326,0,0.14955
91.041,0.035625,3.7752e-06,0.012694,0,0,0,9.0059e-05,9.8151e-05,0,1342.3,-0.012521,-0.013544,-0.00013674,-1.7806e-08,-7.6983e-05,1.2964,0.088362,-0.0052577,0,0.14944
94.635,0.033604,4.0052e-06,0.010998,0,0,0,8.4553e-05,9.2726e-05,0,1728.2,-0.012753,-0.013762,-0.0001451,-1.9766e-08,-6.5664e-05,1.1499,0.088567,-0.0054581,0,0.14939
100.26,0.030441,4.365e-06,0.0083449,0,0,0,7.5938e-05,8.4237e-05,0,2331.9,-0.013115,-0.014104,-0.00015817,-2.2833e-08,-4.7955e-05,0.92062,0.088889,-0.0057715,0,0.14932
100.06,0.030763,4.2392e-06,0.0077157,0,0,0,8.1186e-05,8.9665e-05,0,2336.9,-0.013158,-0.014135,-0.00016006,-2.2341e-08,-4.2462e-05,0.94658,0.088991,-0.0058709,0,0.1493
99.228,0.032069,3.7275e-06,0.0051567,0,0,0,0.00010253,0.00011174,0,2357.2,-0.013335,-0.014262,-0.00016778,-2.034e-08,-2.0125e-05,1.0521,0.089407,-0.006275,0,0.1492
114.96,0.043357,3.6852e-06,0.010261,0,0,0,0.00015376,0.00016089,0,1851.9,-0.013113,-0.014022,-0.00019186,-1.8853e-08,-4.847e-05,1.4804,0.089711,-0.006568,0,0.14912
125.75,0.051098,3.6562e-06,0.013763,0,0,0,0.00018891,0.00019461,0,1505.2,-0.01296,-0.013858,-0.00020838,-1.7833e-08,-6.7912e-05,1.7741,0.089919,-0.006769,0,0.14907
151.15,0.069776,3.9954e-06,0.023276,0,0,0,0.00023848,0.00023999,0,1110.5,-0.012937,-0.013851,-0.00024477,-1.7078e-08,-9.4253e-05,2.3221,0.090424,-0.0072542,0,0.14892
192.18,0.078031,4.6389e-06,0.028557,0,0,0,0.00025147,0.0002509,0,1218.7,-0.012992,-0.013905,-0.00028929,-2.0512e-08,-0.00012526,2.2976,0.090815,-0.0076267,0,0.14881
203.66,0.080343,4.819e-06,0.030035,0,0,0,0.0002551,0.00025396,0,1249,-0.013008,-0.01392,-0.00030176,-2.1473e-08,-0.00013395,2.2907,0.090924,-0.0077309,0,0.14877
223.77,0.067171,4.7133e-06,0.023363,0,0,0,0.00025007,0.00024968,0,2002.6,-0.013454,-0.01429,-0.00032268,-2.5594e-08,-0.00011323,1.7852,0.091419,-0.0081992,0,0.14862
206.72,0.069555,5.2304e-06,0.023995,0,0,0,0.00029297,0.00029154,0,1922.5,-0.013334,-0.014113,-0.00032075,-2.6036e-08,-0.00010699,2.0143,0.091907,-0.0086595,0,0.14845
211.83,0.08113,5.9603e-06,0.030858,0,0,0,0.00031886,0.00031574,0,1573.4,-0.013099,-0.013878,-0.00032879,-2.5778e-08,-0.00012712,2.3698,0.092126,-0.0088644,0,0.14837
218,0.095084,6.8402e-06,0.039132,0,0,0,0.00035007,0.00034493,0,1152.6,-0.012815,-0.013595,-0.00033849,-2.5467e-08,-0.00015139,2.7983,0.092391,-0.0091114,0,0.14828
277.15,0.1033,7.2627e-06,0.045946,0,0,0,0.00035071,0.00034401,0,1159.6,-0.012492,-0.01327,-0.00037362,-2.6762e-08,-0.00018288,2.7943,0.092869,-0.0095553,0,0.1481
289.82,0.096871,6.9725e-06,0.042588,0,0,0,0.00035112,0.0003447,0,1427,-0.012634,-0.013382,-0.00038601,-2.8031e-08,-0.00017961,2.5482,0.09309,-0.0097583,0,0.14801
304.32,0.089513,6.6405e-06,0.038748,0,0,0,0.00035159,0.00034549,0,1733,-0.012798,-0.013511,-0.00040019,-2.9482e-08,-0.00017588,2.2668,0.093342,-0.0099905,0,0.14792
268.13,0.094985,6.6238e-06,0.043126,0,0,0,0.00037906,0.0003725,0,1585,-0.013023,-0.013682,-0.00039644,-2.7646e-08,-0.00017097,2.5418,0.093811,-0.010418,0,0.14772
308.77,0.10948,6.9019e-06,0.055274,0,0,0,0.00038659,0.00037816,0,1302.3,-0.011931,-0.012602,-0.0004182,-2.6933e-08,-0.00022966,2.7504,0.094275,-0.010839,0,0.14753
336.45,0.095914,5.8689e-06,0.048563,0,0,0,0.00038806,0.00038025,0,1807.1,-0.011866,-0.012486,-0.00043817,-2.647e-08,-0.00022575,2.325,0.094728,-0.011246,0,0.14733
336.96,0.095664,5.8499e-06,0.04844,0,0,0,0.00038808,0.00038029,0,1816.4,-0.011865,-0.012484,-0.00043854,-2.6461e-08,-0.00022567,2.3171,0.094737,-0.011253,0,0.14732
301.3,0.10212,4.5437e-06,0.054328,0,0,0,0.00041369,0.00040556,0,1604.6,-0.011802,-0.012375,-0.00042787,-1.8919e-08,-0.00021908,2.6498,0.095194,-0.01166,0,0.14711
304.73,0.10329,4.4443e-06,0.05542,0,0,0,0.00041319,0.00040497,0,1575.6,-0.011683,-0.012258,-0.00042852,-1.8303e-08,-0.00022349,2.6682,0.095234,-0.011694,0,0.14709
340.71,0.11554,3.4014e-06,0.066869,0,0,0,0.00040796,0.00039883,0,1271.3,-0.010437,-0.011031,-0.00043527,-1.185e-08,-0.00026971,2.8607,0.095649,-0.01206,4.1359e-25,0.1469
375.93,0.10194,1.7841e-06,0.06046,0,0,0,0.00040893,0.00040043,0,1721.7,-0.010027,-0.010572,-0.00045275,-6.8021e-09,-0.00027642,2.4407,0.096102,-0.012454,0,0.14668
341.1,0.10953,1.0703e-06,0.068207,0,0,0,0.00042873,0.0004194,0,1475.8,-0.0094135,-0.0099228,-0.00043659,-2.8745e-09,-0.00026871,2.8315,0.096551,-0.012842,0,0.14645
371.12,0.12396,1.3105e-06,0.080932,0,0,0,0.0004042,0.00039501,0,1087.9,-0.0076081,-0.0081646,-0.00043366,-2.9638e-09,-0.00030069,3.0768,0.096997,-0.013223,0,0.14622
393.07,0.11308,4.5815e-07,0.074782,0,0,0,0.00040846,0.00039974,0,1352.3,-0.0076111,-0.008127,-0.00045164,-4.0478e-10,-0.00029633,2.748,0.097442,-0.013597,-2.068e-25,0.14598
381.36,0.10978,-4.1291e-08,0.075237,0,0,0,0.00041815,0.00040883,0,1566.8,-0.0073712,-0.0078553,-0.00047119,9.9945e-10,-0.00032798,2.5762,0.097883,-0.013966,0,0.14573
374.91,0.10553,-3.938e-09,0.074545,0,0,0,0.00041584,0.00040747,0,1770.5,-0.0071731,-0.0076165,-0.00048183,3.7684e-10,-0.00034152,2.4118,0.098324,-0.01433,0,0.14548
373.5,0.10414,4.1654e-08,0.074355,0,0,0,0.00041723,0.00040887,0,1828.8,-0.0070806,-0.0075107,-0.00048324,1.8975e-11,-0.00034617,2.3784,0.098439,-0.014423,-5.1699e-26,0.14542
369.51,0.10021,1.7055e-07,0.073819,0,0,0,0.00042117,0.0004128,0,1993.7,-0.0068192,-0.0072113,-0.00048723,-9.9275e-10,-0.00035933,2.2839,0.098763,-0.014687,0,0.14523
379.32,0.094279,4.9677e-07,0.072955,0,0,0,0.00041498,0.00040757,0,2271,-0.0056506,-0.0060234,-0.00048054,-2.7532e-09,-0.00038658,2.1229,0.099202,-0.01504,0,0.14497
356.91,0.10045,1.0005e-06,0.082234,0,0,0,0.00042567,0.00041925,0,1769.3,-0.0044981,-0.0048632,-0.00043509,-3.7078e-09,-0.00035295,2.6081,0.099641,-0.015389,0,0.1447
379.39,0.11363,2.0277e-06,0.096727,0,0,0,0.00040147,0.00039473,0,1179.4,-0.0023238,-0.0027495,-0.00041338,-6.4785e-09,-0.00037057,2.9308,0.10008,-0.015732,0,0.14443
406.8,0.10583,1.6341e-06,0.092288,0,0,0,0.00040186,0.00039524,0,1365.4,-0.0019392,-0.0023302,-0.00042381,-5.031e-09,-0.00037156,2.7061,0.10052,-0.016069,0,0.14415
400.13,0.1042,1.4474e-06,0.093988,0,0,0,0.000405,0.00039853,0,1482.3,-0.0012158,-0.0015847,-0.00043275,-4.4923e-09,-0.00039851,2.6046,0.10095,-0.016402,0,0.14387
399.26,0.10131,2.3451e-06,0.094626,0,0,0,0.00040017,0.00039407,0,1543,-0.00032837,-0.0006794,-0.00043025,-8.9121e-09,-0.00040787,2.5342,0.10139,-0.016729,0,0.14358
393.86,0.098553,3.6838e-06,0.095224,0,0,0,0.0003954,0.00038971,0,1579.3,0.00056913,0.00024026,-0.00042443,-1.5336e-08,-0.00041502,2.4885,0.10183,-0.01705,0,0.14328
391.58,0.09638,4.766e-06,0.096201,0,0,0,0.00038807,0.00038296,0,1599.5,0.0014748,0.0011611,-0.00041669,-2.0247e-08,-0.0004233,2.4488,0.10226,-0.017366,0,0.14298
387.84,0.093895,5.3903e-06,0.09718,0,0,0,0.00038047,0.00037604,0,1613.9,0.0024136,0.0021083,-0.00040844,-2.3356e-08,-0.00042848,2.4124,0.1027,-0.017678,0,0.14268
386.34,0.09186,5.4466e-06,0.098436,0,0,0,0.00036972,0.00036572,0,1600.1,0.0034476,0.0031475,-0.00039823,-2.3309e-08,-0.00043239,2.3887,0.10313,-0.017982,0,0.14237
382.85,0.089679,5.3539e-06,0.099626,0,0,0,0.0003583,0.00035476,0,1575.5,0.0043969,0.0041189,-0.00038538,-2.2473e-08,-0.0004341,2.3676,0.10357,-0.018281,0,0.14205
382.85,0.088003,5.4529e-06,0.10091,0,0,0,0.000343,0.00034005,0,1533.8,0.0055996,0.0053358,-0.00037455,-2.3166e-08,-0.0004348,2.3496,0.10401,-0.018577,0,0.14173
378.64,0.0861,5.9607e-06,0.10119,0,0,0,0.00032698,0.00032489,0,1469.4,0.0070141,0.006741,-0.000361,-2.5452e-08,-0.00042612,2.3404,0.10444,-0.018866,0,0.1414
378.93,0.086597,6.7769e-06,0.10215,0,0,0,0.00030923,0.0003076,0,1352,0.0082151,0.0079171,-0.00034926,-2.7784e-08,-0.00041412,2.3809,0.10488,-0.019149,0,0.14107
348.45,0.088214,7.6009e-06,0.10498,0,0,0,0.00028849,0.00028765,0,1165.2,0.0086223,0.0083326,-0.00033654,-2.8803e-08,-0.00038256,2.4734,0.10532,-0.019428,0,0.14073
329.84,0.07808,7.2906e-06,0.097229,0,0,0,0.00027775,0.00027776,0,1752.3,0.0094383,0.009143,-0.00033932,-3.2314e-08,-0.00041896,2.0874,0.10576,-0.019702,0,0.14039
346.89,0.063279,6.4838e-06,0.086754,0,0,0,0.00031009,0.00030955,0,2258.2,0.0099223,0.0096605,-0.00033261,-3.4283e-08,-0.00044381,1.837,0.10619,-0.019968,0,0.14004
332.45,0.065635,7.3719e-06,0.094148,0,0,0,0.00030093,0.00030116,0,1977.1,0.011313,0.011052,-0.00031395,-3.6701e-08,-0.00046211,1.9282,0.10663,-0.020229,0,0.13969
329.05,0.064907,7.7267e-06,0.095641,0,0,0,0.00028192,0.00028317,0,1751.2,0.012484,0.012203,-0.00029668,-3.6386e-08,-0.00044178,1.99,0.10707,-0.020485,0,0.13933
327.32,0.063953,8.0549e-06,0.096763,0,0,0,0.00026194,0.0002643,0,1544.1,0.013805,0.013477,-0.00027556,-3.5541e-08,-0.00041798,2.0369,0.10751,-0.020734,0,0.13897
328.28,0.064664,8.4321e-06,0.098773,0,0,0,0.0002415,0.00024511,0,1328.4,0.014969,0.0146,-0.00025847,-3.5137e-08,-0.00039723,2.1221,0.10796,-0.020977,0,0.1386
302.57,0.066056,9.0423e-06,0.10204,0,0,0,0.00021915,0.00022359,0,1063.5,0.015578,0.015209,-0.00024323,-3.442e-08,-0.00035714,2.2534,0.1084,-0.021215,0,0.13822
296.07,0.063645,9.0198e-06,0.099693,0,0,0,0.00021538,0.00021992,0,1195.5,0.015919,0.015546,-0.00024163,-3.5944e-08,-0.00036447,2.1531,0.10855,-0.021295,-2.068e-25,0.13809
283.52,0.058988,8.9764e-06,0.095159,0,0,0,0.00020808,0.00021285,0,1450.3,0.01658,0.016198,-0.00023853,-3.8887e-08,-0.00037862,1.9594,0.10885,-0.02145,0,0.13784
310.12,0.049842,8.8178e-06,0.086727,0,0,0,0.00022067,0.00022483,0,1700.3,0.017333,0.016945,-0.00022934,-4.1864e-08,-0.00038625,1.7957,0.1093,-0.021676,0,0.13745
274.64,0.053943,1.0771e-05,0.09491,0,0,0,0.00019588,0.0002008,0,1245.6,0.018365,0.017945,-0.00021395,-4.3555e-08,-0.00036175,1.9666,0.10975,-0.021897,0,0.13706
271.13,0.053172,1.0855e-05,0.093987,0,0,0,0.00019384,0.00019896,0,1291.9,0.018497,0.018068,-0.00021291,-4.4602e-08,-0.00036281,1.9352,0.10981,-0.021927,5.1699e-26,0.137
249.45,0.04841,1.1374e-05,0.088285,0,0,0,0.00018124,0.00018763,0,1578.2,0.019308,0.018829,-0.00020643,-5.1072e-08,-0.00036937,1.741,0.1102,-0.022114,0,0.13666
275.48,0.040818,1.2208e-05,0.080773,0,0,0,0.00018894,0.00019574,0,1794.6,0.020015,0.019491,-0.00019331,-5.8616e-08,-0.00037022,1.6179,0.11066,-0.022325,0,0.13625
253.44,0.043149,1.4289e-05,0.086192,0,0,0,0.00017256,0.00018004,0,1431.9,0.020684,0.020136,-0.00018303,-6.0639e-08,-0.00035047,1.7336,0.11098,-0.022467,1.034e-25,0.13596
244.01,0.044147,1.5181e-05,0.088513,0,0,0,0.00016554,0.00017331,0,1276.5,0.020971,0.020413,-0.00017863,-6.1506e-08,-0.00034201,1.7832,0.11112,-0.022528,0,0.13584
222.26,0.040021,1.5568e-05,0.083049,0,0,0,0.00015135,0.00016008,0,1529.2,0.021772,0.021195,-0.00017093,-6.8244e-08,-0.00034383,1.6057,0.11154,-0.022704,0,0.13546
219.66,0.039527,1.5615e-05,0.082397,0,0,0,0.00014966,0.0001585,0,1559.4,0.021868,0.021288,-0.00017002,-6.9049e-08,-0.00034405,1.5844,0.11159,-0.022725,0,0.13542
245.54,0.033396,1.6136e-05,0.075305,0,0,0,0.00015132,0.00016009,0,1710.3,0.022711,0.022118,-0.00015596,-7.5095e-08,-0.00033785,1.486,0.11206,-0.022917,0,0.13499
214.57,0.036775,1.9603e-05,0.082174,0,0,0,0.0001278,0.00013731,0,1132.2,0.023753,0.02311,-0.00014151,-7.4143e-08,-0.00029989,1.6675,0.11253,-0.023103,0,0.13455
174.6,0.03426,2.0482e-05,0.078225,0,0,0,0.00011136,0.00012196,0,1123.8,0.024374,0.023661,-0.00013543,-7.7149e-08,-0.00027925,1.5747,0.11301,-0.02328,0,0.13411
180.2,0.025741,1.8543e-05,0.065998,0,0,0,0.00011421,0.00012529,0,1903,0.024854,0.024095,-0.00012778,-8.9506e-08,-0.00030637,1.2457,0.11349,-0.023452,0,0.13366
192.39,0.022533,1.8834e-05,0.062897,0,0,0,0.00010855,0.00012002,0,1987.9,0.025656,0.024891,-0.00011392,-9.3429e-08,-0.00030604,1.1696,0.11398,-0.023616,0,0.1332
165.35,0.024636,2.194e-05,0.067055,0,0,0,8.72e-05,0.00010005,0,1228.8,0.026529,0.025737,-0.00010202,-8.586e-08,-0.00025565,1.3201,0.11447,-0.023774,0,0.13273
129.68,0.023274,2.3068e-05,0.063224,0,0,0,7.0256e-05,8.477e-05,0,1088.1,0.027161,0.026338,-9.5568e-05,-8.6498e-08,-0.00022497,1.2601,0.11497,-0.023923,0,0.13225
122.34,0.018051,2.1763e-05,0.053504,0,0,0,6.412e-05,7.9512e-05,0,1487.6,0.027548,0.026715,-8.9378e-05,-9.5114e-08,-0.00022093,1.0334,0.11548,-0.024065,0,0.13177
114.98,0.013601,1.9859e-05,0.045451,0,0,0,5.5801e-05,7.2621e-05,0,2350.6,0.028035,0.027216,-7.943e-05,-1.0759e-07,-0.00023524,0.77945,0.11599,-0.024198,0,0.13127
116.8,0.011068,2.0285e-05,0.041127,0,0,0,5.0638e-05,6.8551e-05,0,2328.9,0.028545,0.027716,-6.5625e-05,-1.0943e-07,-0.00021545,0.74322,0.11651,-0.024323,0,0.13077
101.7,0.011506,2.3418e-05,0.04215,0,0,0,4.3575e-05,6.2261e-05,0,1579.8,0.028934,0.02794,-5.7462e-05,-1.0283e-07,-0.00018005,0.83998,0.11691,-0.024412,0,0.13038
96.805,0.011648,2.4433e-05,0.042482,0,0,0,4.1286e-05,6.0222e-05,0,1337,0.02906,0.028012,-5.4816e-05,-1.0069e-07,-0.00016858,0.87134,0.11703,-0.02444,-5.1699e-26,0.13026
71.644,0.010418,2.6701e-05,0.037954,0,0,0,2.8745e-05,4.9344e-05,0,1072.7,0.029479,0.027953,-4.7868e-05,-1.0084e-07,-0.00013464,0.80559,0.11757,-0.024548,0,0.12973
62.394,0.0073693,2.7644e-05,0.029851,0,0,0,2.1209e-05,4.2593e-05,0,1257.9,0.02978,0.028006,-3.9634e-05,-1.1284e-07,-0.00011409,0.63837,0.11812,-0.024645,0,0.1292
59.174,0.0068688,2.8165e-05,0.028298,0,0,0,1.96e-05,4.097e-05,0,1305,0.029847,0.028062,-3.7785e-05,-1.1712e-07,-0.0001099,0.60237,0.11825,-0.024667,-2.068e-25,0.12906
49.57,0.0053757,2.9722e-05,0.023666,0,0,0,1.4798e-05,3.6127e-05,0,1445.6,0.030047,0.02823,-3.2268e-05,-1.2987e-07,-9.742e-05,0.49495,0.11867,-0.024731,0,0.12865
37.276,0.0037422,3.1928e-05,0.017176,0,0,0,8.7158e-06,2.9808e-05,0,1636.8,0.030251,0.028107,-2.6284e-05,-1.4815e-07,-7.5264e-05,0.35601,0.11922,-0.024806,0,0.1281
25.648,0.0025516,3.3969e-05,0.01093,0,0,0,4.4169e-06,2.4317e-05,0,1854.2,0.030397,0.027983,-2.153e-05,-1.6686e-07,-5.0804e-05,0.23557,0.11977,-0.024869,0,0.12756
15.675,0.0017073,3.4985e-05,0.0048289,0,0,0,1.6501e-06,2.0273e-05,0,2190.4,0.03048,0.028332,-1.8113e-05,-1.8538e-07,-2.3703e-05,0.13117,0.12031,-0.024918,0,0.12702
11.523,0.0010554,3.3751e-05,-0.00071463,0,0,0,6.9497e-07,1.8533e-05,0,3020.8,0.030498,0.029198,-1.5602e-05,-2.0716e-07,5.3532e-06,0.075706,0.12084,-0.024955,0,0.1265
20.653,0.0014685,3.4995e-05,-0.0059667,0,0,0,1.8134e-06,1.9555e-05,0,2702.8,0.030454,0.029961,-1.8609e-05,-1.9987e-07,3.0933e-05,0.1332,0.12134,-0.024979,0,0.12599
31.634,0.0024618,3.9673e-05,-0.011985,0,0,0,4.7237e-06,2.2659e-05,0,1331.1,0.030371,0.030037,-2.2283e-05,-1.6353e-07,4.5753e-05,0.30924,0.12184,-0.024993,0,0.12549
37.751,0.0030963,4.2976e-05,-0.018763,0,0,0,9.0728e-06,2.6441e-05,0,963.77,0.030266,0.029673,-2.1958e-05,-1.5546e-07,6.3266e-05,0.4763,0.12225,-0.024999,0,0.12508
38.952,0.0032208,4.3625e-05,-0.020093,0,0,0,9.9266e-06,2.7184e-05,0,891.66,0.030245,0.029601,-2.1895e-05,-1.5388e-07,6.6703e-05,0.50909,0.12233,-0.025,0,0.125
60.452,0.0029331,4.1785e-05,-0.025256,0,0,0,1.5954e-05,3.2097e-05,0,1332.4,0.030025,0.02929,-2.0641e-05,-1.7278e-07,0.00010138,0.55085,0.12282,-0.024993,0,0.12451
75.21,0.0023424,3.4537e-05,-0.025928,0,0,0,1.9232e-05,3.5185e-05,0,2704.1,0.029743,0.029063,-2.1806e-05,-1.9821e-07,0.00014747,0.43202,0.12332,-0.024979,-3.3087e-24,0.12401
74.55,0.0031661,3.3387e-05,-0.03028,0,0,0,2.3878e-05,4.0403e-05,0,3022.8,0.029408,0.028192,-2.8313e-05,-2.0457e-07,0.00018099,0.4448,0.12383,-0.024955,3.3087e-24,0.1235
80.523,0.0046141,3.6729e-05,-0.038155,0,0,0,3.3365e-05,4.9646e-05,0,2194.5,0.029013,0.027102,-3.5068e-05,-1.935e-07,0.00019621,0.60725,0.12435,-0.024918,3.3087e-24,0.12298
91.652,0.0062717,3.8571e-05,-0.045563,0,0,0,4.5669e-05,6.1418e-05,0,1859.5,0.028578,0.026617,-4.0433e-05,-1.8871e-07,0.00021606,0.76985,0.12489,-0.024869,0,0.12244
104.18,0.0081935,4.0014e-05,-0.052646,0,0,0,5.8258e-05,7.2732e-05,0,1642.8,0.028066,0.026539,-4.6905e-05,-1.8518e-07,0.00023437,0.92605,0.12544,-0.024806,0,0.1219
117.42,0.010543,4.0855e-05,-0.059929,0,0,0,7.241e-05,8.5056e-05,0,1452.6,0.027485,0.026252,-5.4089e-05,-1.7824e-07,0.0002503,1.0991,0.126,-0.024731,8.2718e-25,0.12135
130.51,0.013148,4.0881e-05,-0.066289,0,0,0,8.5601e-05,9.8096e-05,0,1265.9,0.026838,0.025633,-6.2421e-05,-1.6659e-07,0.00025726,1.2829,0.12655,-0.024645,0,0.1208
131.07,0.013606,4.1027e-05,-0.067364,0,0,0,8.6882e-05,9.9497e-05,0,1244.6,0.026768,0.025598,-6.3334e-05,-1.6562e-07,0.00025889,1.3054,0.12661,-0.024634,0,0.12074
135.38,0.017136,4.2151e-05,-0.075651,0,0,0,9.675e-05,0.00011029,0,1080.5,0.026226,0.025323,-7.0368e-05,-1.581e-07,0.00027141,1.4795,0.12709,-0.024548,0,0.12027
173.81,0.018325,3.9819e-05,-0.077795,0,0,0,0.00011951,0.00013165,0,1345.5,0.025399,0.024972,-7.7143e-05,-1.6216e-07,0.00030922,1.4915,0.12763,-0.02444,0,0.11974
200.03,0.01676,3.3055e-05,-0.070259,0,0,0,0.00013677,0.00014569,0,2336.7,0.024332,0.024154,-9.058e-05,-1.7603e-07,0.00036881,1.2244,0.12816,-0.024323,0,0.11923
184.65,0.019655,3.1684e-05,-0.073362,0,0,0,0.00014064,0.00014776,0,2357.4,0.023476,0.02339,-0.00010764,-1.705e-07,0.00038282,1.2354,0.12862,-0.024211,0,0.11878
182.91,0.019983,3.1529e-05,-0.073713,0,0,0,0.00014108,0.000148,0,2359.8,0.023379,0.023304,-0.00010957,-1.6987e-07,0.00038441,1.2366,0.12867,-0.024198,0,0.11873
186.46,0.026095,3.3812e-05,-0.083496,0,0,0,0.00014773,0.00015389,0,1499.4,0.022645,0.022678,-0.00012389,-1.4695e-07,0.00034723,1.5652,0.12919,-0.024065,0,0.11823
190.8,0.032961,3.6299e-05,-0.095199,0,0,0,0.00014884,0.00015534,0,1098.5,0.0222,0.022324,-0.00012985,-1.3534e-07,0.00034081,1.8312,0.12969,-0.023924,0,0.11775
219.91,0.033704,3.5277e-05,-0.096573,0,0,0,0.00016225,0.00016803,0,1183.8,0.021649,0.021814,-0.00013354,-1.3498e-07,0.00036,1.8457,0.12999,-0.023833,0,0.11746
238.73,0.034185,3.4615e-05,-0.097462,0,0,0,0.00017092,0.00017623,0,1238.9,0.021293,0.021483,-0.00013593,-1.3476e-07,0.0003724,1.8551,0.13019,-0.023774,0,0.11727
271.99,0.030509,2.8657e-05,-0.08852,0,0,0,0.00020071,0.00020412,0,1998.5,0.019896,0.020165,-0.00014916,-1.411e-07,0.00043214,1.5934,0.13068,-0.023616,0,0.1168
256.37,0.032664,2.7633e-05,-0.090109,0,0,0,0.0002024,0.00020569,0,1945.9,0.01915,0.019457,-0.00015845,-1.3431e-07,0.00042809,1.6353,0.13098,-0.023516,0,0.11652
246.4,0.03404,2.6979e-05,-0.091123,0,0,0,0.00020349,0.00020669,0,1912.3,0.018674,0.019005,-0.00016438,-1.2999e-07,0.0004255,1.662,0.13117,-0.023452,-1.034e-25,0.11634
233.33,0.044634,2.9605e-05,-0.10634,0,0,0,0.00019329,0.00019718,0,1132.5,0.018108,0.018548,-0.00017196,-1.1002e-07,0.00038159,2.0737,0.13165,-0.02328,0,0.11589
283.64,0.047249,2.8437e-05,-0.10929,0,0,0,0.00021215,0.00021513,0,1143.5,0.017349,0.017923,-0.00017733,-1.0515e-07,0.00039996,2.1524,0.13213,-0.023103,4.1359e-25,0.11545
319.91,0.042166,2.3339e-05,-0.097855,0,0,0,0.00024183,0.00024295,0,1722.4,0.015881,0.016568,-0.00019297,-1.058e-07,0.00044078,1.8792,0.13261,-0.022917,0,0.11501
279.25,0.049243,2.3166e-05,-0.10589,0,0,0,0.00023518,0.00023716,0,1569.7,0.014771,0.015548,-0.00020753,-9.8876e-08,0.00044442,1.9857,0.13308,-0.022725,8.2718e-25,0.11458
307.49,0.05438,2.3375e-05,-0.11208,0,0,0,0.00025241,0.00025386,0,1285.5,0.013604,0.014486,-0.00021578,-9.1614e-08,0.00043416,2.2068,0.13354,-0.022528,0,0.11416
342.84,0.049588,2.0165e-05,-0.1004,0,0,0,0.0002796,0.00027868,0,1803.6,0.012377,0.013368,-0.00023136,-9.4167e-08,0.00046133,1.9701,0.134,-0.022325,0,0.11375
304.89,0.058353,2.0694e-05,-0.10896,0,0,0,0.00026554,0.00026489,0,1587.9,0.011573,0.012669,-0.00024509,-8.9066e-08,0.00045778,2.1072,0.13446,-0.022114,0,0.11334
333.73,0.064473,2.0574e-05,-0.11579,0,0,0,0.00028053,0.00027916,0,1254.1,0.010422,0.011639,-0.00025194,-7.98e-08,0.00044239,2.3577,0.13492,-0.021897,0,0.11294
373.01,0.058853,1.7255e-05,-0.10413,0,0,0,0.00030798,0.00030448,0,1707.9,0.0091736,0.010504,-0.00026792,-7.8058e-08,0.00046473,2.124,0.13537,-0.021675,0,0.11255
336.38,0.069258,1.765e-05,-0.11385,0,0,0,0.00028759,0.00028508,0,1458.3,0.0083702,0.0097891,-0.00027701,-7.1652e-08,0.00045461,2.3042,0.13582,-0.021449,0,0.11216
357.67,0.076983,1.802e-05,-0.12117,0,0,0,0.00029844,0.00029619,0,1072.7,0.0071935,0.0086968,-0.00028067,-6.4189e-08,0.00042561,2.6318,0.13626,-0.021215,0,0.11178
384.55,0.074621,1.6421e-05,-0.11603,0,0,0,0.00032252,0.00032089,0,1338.1,0.0065418,0.0081062,-0.00029511,-6.5568e-08,0.00046841,2.4528,0.13671,-0.020977,0,0.1114
379.65,0.073107,1.4854e-05,-0.11251,0,0,0,0.00034252,0.00034009,0,1554,0.0052,0.0068544,-0.00031174,-6.3982e-08,0.00048788,2.3298,0.13715,-0.020734,0,0.11103
378.23,0.073531,1.3512e-05,-0.1101,0,0,0,0.00036326,0.00035925,0,1761,0.0036348,0.0054064,-0.00033293,-6.2198e-08,0.00051043,2.259,0.13759,-0.020485,0,0.11067
378.49,0.073783,1.2161e-05,-0.10739,0,0,0,0.00038239,0.00037665,0,1985.9,0.0022995,0.0041784,-0.00034952,-5.953e-08,0.00052868,2.1746,0.13803,-0.020228,0,0.11031
392.32,0.070527,1.0387e-05,-0.097813,0,0,0,0.00039041,0.00038205,0,2266.9,0.00070093,0.002662,-0.00036888,-5.4448e-08,0.00050145,2.0617,0.13847,-0.019968,0,0.10996
381.36,0.078599,1.1074e-05,-0.10366,0,0,0,0.00037103,0.00036381,0,2019.8,0.00050817,0.0024919,-0.00037224,-5.2948e-08,0.00048838,2.2008,0.13868,-0.019838,0,0.10979
369.88,0.087061,1.1794e-05,-0.10979,0,0,0,0.00035071,0.00034469,0,1760.8,0.00030609,0.0023136,-0.00037576,-5.1377e-08,0.00047467,2.3466,0.13891,-0.019702,0,0.10961
389.78,0.097862,1.2725e-05,-0.11791,0,0,0,0.00036036,0.00035514,0,1173.9,-0.00050546,0.0015666,-0.00037103,-4.7183e-08,0.0004314,2.7659,0.13935,-0.019428,0,0.10927
417.53,0.095548,1.2092e-05,-0.11415,0,0,0,0.00037819,0.00037283,0,1340.4,-0.00077477,0.0013427,-0.00038054,-4.8008e-08,0.0004596,2.654,0.13974,-0.019178,0,0.10897
420.77,0.095278,1.2018e-05,-0.11371,0,0,0,0.00038027,0.0003749,0,1359.8,-0.00080625,0.0013166,-0.00038165,-4.8105e-08,0.00046289,2.6409,0.13979,-0.019149,0,0.10893
417.53,0.093976,1.1512e-05,-0.11177,0,0,0,0.00039607,0.00039016,0,1476.6,-0.0020328,0.00017428,-0.00039145,-4.8028e-08,0.00047252,2.5774,0.14022,-0.018865,0,0.1086
417.7,0.094098,1.1508e-05,-0.11168,0,0,0,0.00039731,0.00039131,0,1482.2,-0.0021648,4.9816e-05,-0.0003925,-4.814e-08,0.00047307,2.5768,0.14026,-0.018841,0,0.10857
419.47,0.095383,1.1466e-05,-0.11072,0,0,0,0.00041042,0.00040355,0,1541.2,-0.0035589,-0.001265,-0.00040363,-4.9326e-08,0.00047893,2.5706,0.14066,-0.018577,0,0.10827
417.01,0.096395,1.1595e-05,-0.10901,0,0,0,0.0004211,0.00041345,0,1575.6,-0.0046057,-0.0022461,-0.00041108,-5.0526e-08,0.00047609,2.5736,0.14102,-0.018331,0,0.108
416.51,0.096601,1.1621e-05,-0.10866,0,0,0,0.00042327,0.00041545,0,1582.6,-0.0048178,-0.002445,-0.00041259,-5.0769e-08,0.00047551,2.5742,0.1411,-0.018281,0,0.10795
416.68,0.096882,1.1608e-05,-0.10832,0,0,0,0.00042485,0.00041691,0,1586.6,-0.0049771,-0.0025934,-0.00041446,-5.0745e-08,0.00047466,2.576,0.14117,-0.018231,0,0.1079
417.54,0.098278,1.1542e-05,-0.10665,0,0,0,0.00043271,0.00042412,0,1606.7,-0.0057663,-0.0033288,-0.00042372,-5.0628e-08,0.00047045,2.5848,0.14153,-0.017981,0,0.10763
416.56,0.099803,1.1258e-05,-0.10469,0,0,0,0.00044067,0.00043117,0,1622.3,-0.0067711,-0.0042672,-0.00043219,-4.9288e-08,0.00046369,2.5954,0.14197,-0.017678,0,0.10732
417.86,0.10159,1.0677e-05,-0.10321,0,0,0,0.00044529,0.00043525,0,1610.7,-0.0075881,-0.0050272,-0.00043748,-4.5979e-08,0.00045673,2.6193,0.14235,-0.017405,0,0.10706
418.05,0.10184,1.0595e-05,-0.103,0,0,0,0.00044593,0.00043582,0,1609,-0.0077028,-0.0051338,-0.00043822,-4.5515e-08,0.00045575,2.6227,0.1424,-0.017366,0,0.10702
417.98,0.10203,1.0514e-05,-0.10279,0,0,0,0.00044643,0.00043624,0,1606.4,-0.0078028,-0.0052254,-0.0004388,-4.5079e-08,0.00045435,2.6265,0.14245,-0.017329,0,0.10698
417.5,0.10348,9.9094e-06,-0.10122,0,0,0,0.00045008,0.0004393,0,1587,-0.0085448,-0.0059051,-0.00044312,-4.1844e-08,0.00044391,2.6543,0.14284,-0.01705,0,0.10672
420.13,0.10563,9.4043e-06,-0.099868,0,0,0,0.00045173,0.00044062,0,1549.2,-0.0093338,-0.0066313,-0.00044629,-3.9148e-08,0.00043286,2.6924,0.14327,-0.016729,0,0.10642
418.39,0.10788,9.1332e-06,-0.098572,0,0,0,0.0004529,0.00044149,0,1488.1,-0.010099,-0.0073366,-0.00044588,-3.7064e-08,0.00042048,2.7543,0.14371,-0.016402,0,0.10613
421.86,0.1087,9.1416e-06,-0.096727,0,0,0,0.00044778,0.00043654,0,1393,-0.010584,-0.0077717,-0.00043623,-3.5814e-08,0.00039592,2.834,0.14406,-0.016133,0,0.10591
422.68,0.10889,9.1435e-06,-0.096292,0,0,0,0.00044657,0.00043537,0,1370.6,-0.010699,-0.0078744,-0.00043395,-3.5519e-08,0.00039012,2.8529,0.14415,-0.016069,0,0.10585
391.87,0.11623,9.2464e-06,-0.1004,0,0,0,0.00044215,0.00043128,0,1183.9,-0.010913,-0.00804,-0.00041991,-3.3672e-08,0.00038764,3.0757,0.14458,-0.015732,0,0.10557
386.75,0.11339,8.8988e-06,-0.097246,0,0,0,0.00044523,0.00043365,0,1294.5,-0.011325,-0.0084282,-0.00042287,-3.3269e-08,0.0003823,3.0071,0.14467,-0.015667,0,0.10552
364.56,0.10109,7.3941e-06,-0.083609,0,0,0,0.00045855,0.00044391,0,1773.2,-0.013109,-0.010109,-0.00043566,-3.1525e-08,0.00035921,2.7102,0.14502,-0.015389,0,0.1053
381.16,0.09398,6.4192e-06,-0.07357,0,0,0,0.00044535,0.00043006,0,2275.1,-0.014157,-0.01106,-0.00047709,-3.3166e-08,0.00039233,2.1992,0.14546,-0.01504,0,0.10503
368.59,0.099065,6.6945e-06,-0.073983,0,0,0,0.0004465,0.00042919,0,1995.3,-0.015143,-0.011951,-0.00047953,-3.2274e-08,0.00036317,2.3521,0.1459,-0.014687,0,0.10477
370.86,0.10352,6.9983e-06,-0.074263,0,0,0,0.00043592,0.0004182,0,1770.2,-0.015295,-0.012051,-0.00046996,-3.135e-08,0.00034317,2.4717,0.14634,-0.01433,0,0.10452
374.75,0.10663,7.285e-06,-0.074326,0,0,0,0.00043592,0.00041861,0,1568.1,-0.015262,-0.011977,-0.00045533,-3.0543e-08,0.00032746,2.6307,0.14678,-0.013966,0,0.10427
383.5,0.10896,7.6661e-06,-0.073414,0,0,0,0.0004233,0.00040589,0,1352.7,-0.015237,-0.011906,-0.00043256,-2.9696e-08,0.00029421,2.8,0.14722,-0.013597,0,0.10402
359.69,0.11867,8.1094e-06,-0.079107,0,0,0,0.00041463,0.00039746,0,1086.7,-0.014941,-0.011573,-0.00041156,-2.8795e-08,0.00029795,3.1186,0.14767,-0.013222,0,0.10379
324.86,0.10224,6.8766e-06,-0.064524,0,0,0,0.00042402,0.00040238,0,1474.5,-0.016548,-0.013059,-0.0004055,-2.7262e-08,0.00025413,2.8225,0.14811,-0.012842,0,0.10355
350.59,0.094158,6.3028e-06,-0.056905,0,0,0,0.00040163,0.00037987,0,1719.3,-0.016945,-0.013377,-0.00041616,-2.7493e-08,0.00026313,2.4217,0.14856,-0.012454,0,0.10332
316.01,0.10588,6.6775e-06,-0.062866,0,0,0,0.0003983,0.00037607,0,1267.5,-0.01703,-0.013387,-0.00039525,-2.5113e-08,0.00025886,2.8279,0.14902,-0.012059,0,0.1031
273.44,0.090245,5.6695e-06,-0.048696,0,0,0,0.00038477,0.00035708,0,1601.9,-0.018132,-0.014373,-0.00037569,-2.3224e-08,0.00019687,2.562,0.14947,-0.011658,0,0.10289
284.45,0.086872,5.5063e-06,-0.046113,0,0,0,0.00037024,0.00034194,0,1701.7,-0.018064,-0.014287,-0.00037732,-2.3414e-08,0.00020088,2.3979,0.14969,-0.011467,0,0.10279
296.85,0.083075,5.3227e-06,-0.043206,0,0,0,0.00035388,0.00032491,0,1814,-0.017988,-0.014189,-0.00037916,-2.3628e-08,0.00020539,2.2132,0.14993,-0.011251,0,0.10267
269.7,0.093931,5.7149e-06,-0.04933,0,0,0,0.00034745,0.00031754,0,1298,-0.017712,-0.013868,-0.00035529,-2.151e-08,0.00021227,2.6042,0.15039,-0.010837,0,0.10247
256.19,0.088661,5.3961e-06,-0.045052,0,0,0,0.00033727,0.00030607,0,1386.7,-0.017953,-0.014079,-0.00034402,-2.0905e-08,0.00019026,2.516,0.15054,-0.010705,0,0.10241
226.62,0.07713,4.6987e-06,-0.035691,0,0,0,0.00031499,0.00028099,0,1580.7,-0.018479,-0.01454,-0.00031935,-1.9582e-08,0.00014212,2.323,0.15086,-0.010416,0,0.10227
247.2,0.071238,4.3921e-06,-0.032041,0,0,0,0.0002812,0.00024781,0,1728.8,-0.018108,-0.014166,-0.00031712,-1.9642e-08,0.00014947,2.0272,0.15133,-0.0099875,0,0.10208
223.75,0.081489,5.0732e-06,-0.038549,0,0,0,0.000279,0.00024623,0,1152.3,-0.017533,-0.013585,-0.00029111,-1.8013e-08,0.00016231,2.4874,0.1518,-0.0095524,0,0.1019
188.8,0.074086,4.7441e-06,-0.032808,0,0,0,0.00026566,0.00023008,0,1145.8,-0.01764,-0.013678,-0.000261,-1.7134e-08,0.0001339,2.4361,0.1521,-0.0092706,0,0.10178
168.7,0.069829,4.5548e-06,-0.029506,0,0,0,0.000258,0.00022079,0,1142.1,-0.017702,-0.013731,-0.00024369,-1.6628e-08,0.00011757,2.4065,0.15228,-0.0091085,0,0.10172
145.2,0.045467,4.1759e-06,-0.014818,0,0,0,0.00018214,0.00014577,0,1911.2,-0.018028,-0.01402,-0.00020869,-1.9933e-08,6.4967e-05,1.5906,0.15276,-0.0086569,0,0.10155
145.32,0.045168,4.2688e-06,-0.014919,0,0,0,0.00017838,0.00014242,0,1918.6,-0.018014,-0.014005,-0.00020811,-2.0309e-08,6.6557e-05,1.5681,0.15281,-0.0086142,0,0.10153
146.49,0.042259,5.1749e-06,-0.015913,0,0,0,0.00014172,0.00010979,0,1991.1,-0.017872,-0.013861,-0.00020247,-2.3977e-08,8.2069e-05,1.3486,0.15325,-0.0081971,0,0.10138
131.67,0.049365,5.5213e-06,-0.021304,0,0,0,0.00014852,0.00011549,0,1235.2,-0.017308,-0.013354,-0.00018087,-2.1564e-08,0.00010683,1.7415,0.15374,-0.0077294,0,0.10123
89.857,0.036494,3.6011e-06,-0.01242,0,0,0,0.00011129,7.866e-05,0,1092.7,-0.017265,-0.013329,-0.00012149,-1.4341e-08,5.3604e-05,1.5869,0.15424,-0.0072528,0,0.10108
68.429,0.025359,1.8214e-06,-0.0057697,0,0,0,7.206e-05,4.9272e-05,0,1383.7,-0.017317,-0.013377,-9.5414e-05,-8.9104e-09,2.634e-05,1.1351,0.15461,-0.006896,0,0.10097
60.749,0.021369,1.1835e-06,-0.0033861,0,0,0,5.7999e-05,3.874e-05,0,1487.9,-0.017336,-0.013394,-8.607e-05,-6.964e-09,1.6568e-05,0.97316,0.15475,-0.0067681,0,0.10093
35.633,0.0089928,1.2232e-06,0.00060771,0,0,0,1.9008e-05,1.6397e-05,0,2347,-0.01739,-0.013416,-5.145e-05,-8.1544e-09,-5.8287e-06,0.443,0.15526,-0.0062746,0,0.1008
23.939,0.0042444,2.7761e-06,-0.0041012,0,0,0,1.2042e-05,1.2134e-05,0,2323.9,-0.017192,-0.013287,-2.2169e-05,-1.486e-08,3.4302e-05,0.36373,0.15578,-0.0057711,0,0.10068
19.617,0.0019704,3.0429e-06,-0.0037981,0,0,0,1.348e-05,1.6048e-05,0,1333,-0.016922,-0.013126,1.8642e-06,-1.2973e-08,3.7402e-05,0.48652,0.1563,-0.0052573,0,0.10056
14.655,-0.0028094,1.8121e-06,0.0035868,0,0,0,8.7986e-06,1.6677e-05,0,1069.4,-0.016846,-0.013034,1.5542e-05,-5.6006e-09,-1.5494e-05,0.44579,0.15684,-0.0047322,0,0.10045
14.566,-0.0040516,1.1185e-06,0.0040429,0,0,0,8.7411e-06,1.6052e-05,0,1148.6,-0.01681,-0.012979,1.7679e-05,-3.5247e-09,-1.8297e-05,0.42976,0.15707,-0.0045043,0,0.10041
